Soil_Moisture,Temperature,Humidity,pH,Light,Rain_digital,Rain_analog,crop_type
675,19.2,63,6.56,739,256,338,Wheat
612,18.8,61,6.92,851,107,316,Wheat
723,17.5,61,6.31,936,249,377,Wheat
674,16.9,54,6.67,762,115,191,Wheat
607,24.3,68,6.8,729,210,194,Wheat
601,20.8,67,7.13,755,118,261,Wheat
610,20.4,50,6.63,761,31,3,Wheat
623,18.7,62,7.31,776,278,350,Wheat
636,24.9,55,6.18,892,273,81,Wheat
700,18.9,61,6.26,975,84,84,Wheat
683,23.9,57,6.72,755,128,51,Wheat
656,20.2,56,6.02,834,147,91,Wheat
713,18.3,63,6.72,803,249,184,Wheat
724,24.5,58,7.34,883,28,3,Wheat
615,23.7,54,7.18,971,201,105,Wheat
645,17.6,65,6.56,1001,180,318,Wheat
731,21.8,54,6.91,714,156,169,Wheat
640,21.7,52,6.05,753,136,88,Wheat
636,20.8,59,6.95,753,299,263,Wheat
731,18.7,68,6.12,983,4,43,Wheat
695,17.2,64,7.42,973,220,357,Wheat
732,15.4,59,7.12,710,111,16,Wheat
727,23.8,67,6.3,810,15,175,Wheat
668,19.1,50,6.67,982,238,21,Wheat
654,23.3,67,6.81,707,5,22,Wheat
606,15.4,63,6.96,832,290,94,Wheat
740,23.1,63,6.24,920,22,129,Wheat
607,17.5,58,6.85,742,259,357,Wheat
703,23.0,58,6.38,934,199,212,Wheat
726,21.4,50,7.43,760,136,364,Wheat
749,20.6,57,6.47,1022,109,357,Wheat
731,18.6,58,6.73,734,55,139,Wheat
674,19.9,56,6.85,735,155,281,Wheat
660,17.9,54,6.1,938,23,171,Wheat
724,15.5,64,6.6,829,210,134,Wheat
716,21.0,54,6.47,747,186,227,Wheat
637,18.6,58,6.42,952,79,37,Wheat
602,15.6,59,6.44,981,295,12,Wheat
644,20.0,59,6.64,755,203,168,Wheat
647,24.5,63,6.27,989,116,50,Wheat
624,20.2,56,6.99,870,222,379,Wheat
629,23.7,66,6.61,712,250,40,Wheat
720,18.7,51,7.1,775,156,399,Wheat
748,18.0,59,6.51,819,215,174,Wheat
677,23.5,50,6.48,781,228,237,Wheat
673,24.0,54,6.09,766,184,105,Wheat
631,20.9,56,6.85,753,147,358,Wheat
699,21.7,53,6.75,763,102,14,Wheat
642,17.9,65,6.87,897,242,391,Wheat
619,21.0,55,6.58,803,63,391,Wheat
710,24.3,65,6.67,904,252,178,Wheat
656,20.4,67,6.36,808,256,390,Wheat
693,24.5,62,6.2,891,178,207,Wheat
747,18.5,62,6.09,889,269,161,Wheat
743,16.7,62,7.23,975,284,53,Wheat
699,15.5,70,6.84,875,110,68,Wheat
679,21.8,52,7.41,951,92,351,Wheat
642,24.3,68,7.07,952,93,3,Wheat
736,15.8,65,7.04,916,62,179,Wheat
644,15.9,69,6.58,897,178,75,Wheat
622,15.5,61,6.61,805,196,198,Wheat
614,17.7,53,6.78,996,230,396,Wheat
742,22.1,62,7.03,789,94,96,Wheat
608,24.7,55,7.01,1023,89,145,Wheat
654,23.8,54,7.08,890,188,170,Wheat
655,18.8,51,7.12,876,260,343,Wheat
703,22.1,62,6.65,968,233,218,Wheat
701,22.6,56,6.09,939,19,140,Wheat
610,23.1,68,7.49,770,138,80,Wheat
634,21.9,70,6.01,1003,281,191,Wheat
702,19.3,65,6.71,886,264,89,Wheat
701,15.6,56,6.3,744,99,179,Wheat
613,21.6,62,7.36,761,90,209,Wheat
670,21.1,66,6.13,954,191,392,Wheat
745,19.0,54,6.28,978,71,109,Wheat
610,17.8,53,6.62,911,86,47,Wheat
732,22.1,54,6.88,955,43,79,Wheat
647,23.3,69,6.6,1006,179,302,Wheat
743,20.5,60,7.11,719,181,49,Wheat
692,20.4,57,6.85,1004,180,334,Wheat
679,20.9,57,7.31,707,236,57,Wheat
687,24.1,55,6.18,985,276,323,Wheat
626,24.8,58,7.07,854,66,324,Wheat
739,15.9,56,7.37,778,177,63,Wheat
707,16.6,58,6.58,898,0,282,Wheat
729,22.9,58,6.02,722,274,47,Wheat
619,18.0,52,7.38,939,299,75,Wheat
682,19.6,57,7.34,861,23,228,Wheat
622,18.9,70,7.28,730,34,94,Wheat
696,19.2,52,7.15,763,14,148,Wheat
723,24.9,66,7.23,978,98,54,Wheat
606,17.8,52,7.12,748,19,315,Wheat
615,22.2,68,7.39,1017,105,240,Wheat
673,23.3,50,6.95,848,190,90,Wheat
734,15.7,53,6.19,865,17,57,Wheat
691,24.8,57,6.39,818,50,166,Wheat
637,24.4,67,6.21,928,92,132,Wheat
719,18.8,63,6.09,955,190,107,Wheat
658,21.0,55,7.24,915,75,363,Wheat
707,19.3,57,6.64,704,294,325,Wheat
688,16.5,51,6.84,920,89,14,Wheat
672,24.2,68,6.23,824,9,185,Wheat
712,20.2,70,7.15,732,287,317,Wheat
727,15.3,69,6.24,808,87,196,Wheat
695,24.9,60,7.13,893,133,74,Wheat
707,19.3,66,6.55,1006,64,4,Wheat
653,21.7,70,6.17,1018,26,352,Wheat
644,15.1,62,6.52,756,137,226,Wheat
636,23.9,59,7.05,727,212,126,Wheat
719,23.2,54,6.52,769,233,118,Wheat
606,20.5,51,7.39,1019,100,292,Wheat
661,19.6,55,6.02,1014,274,39,Wheat
667,18.8,63,6.1,828,198,90,Wheat
715,22.4,64,6.69,922,5,210,Wheat
705,20.1,56,7.28,959,91,143,Wheat
601,20.7,52,6.74,813,29,89,Wheat
731,16.8,56,6.7,916,79,250,Wheat
609,16.5,54,7.5,895,222,375,Wheat
654,24.2,61,6.12,817,11,359,Wheat
625,16.6,60,7.24,702,237,154,Wheat
718,16.3,65,6.14,930,256,3,Wheat
709,19.2,58,6.61,759,49,159,Wheat
655,15.3,54,6.02,879,20,363,Wheat
745,22.9,52,6.07,791,0,299,Wheat
713,15.3,62,6.65,1016,127,314,Wheat
731,15.1,57,6.43,799,40,3,Wheat
612,24.1,67,7.06,933,73,128,Wheat
733,18.9,62,6.62,954,196,50,Wheat
653,20.2,67,7.07,1013,207,229,Wheat
631,19.0,61,6.52,709,110,227,Wheat
688,19.6,52,6.34,851,292,120,Wheat
616,19.2,69,6.12,953,8,353,Wheat
656,23.4,56,7.46,802,289,385,Wheat
609,22.0,62,7.38,715,282,198,Wheat
674,24.8,70,7.35,706,7,315,Wheat
697,23.1,66,7.17,878,294,227,Wheat
635,16.7,60,6.91,803,200,97,Wheat
734,18.0,57,7.25,726,96,237,Wheat
748,24.9,62,6.69,981,272,57,Wheat
711,19.6,50,6.77,975,264,184,Wheat
679,23.7,58,6.95,762,92,300,Wheat
601,24.3,65,7.31,853,265,386,Wheat
749,15.5,60,6.23,805,47,322,Wheat
651,21.0,50,7.35,940,153,28,Wheat
660,18.0,68,6.53,998,66,134,Wheat
650,19.0,66,6.49,929,277,295,Wheat
607,22.7,67,6.03,904,156,259,Wheat
717,22.0,50,6.2,709,155,391,Wheat
604,21.9,52,6.22,715,109,156,Wheat
695,23.7,52,7.08,990,51,21,Wheat
601,23.2,66,7.22,822,221,392,Wheat
667,20.4,67,7.15,900,299,133,Wheat
628,15.8,62,6.01,1018,224,133,Wheat
746,18.2,52,7.23,944,13,66,Wheat
719,17.6,52,6.88,887,286,257,Wheat
630,25.0,51,7.36,893,44,114,Wheat
701,17.2,68,7.34,949,61,100,Wheat
630,21.0,53,6.21,815,85,279,Wheat
642,16.5,51,7.46,798,210,74,Wheat
667,20.7,65,6.18,916,153,268,Wheat
743,23.3,50,6.78,822,288,110,Wheat
622,21.1,59,6.93,744,97,352,Wheat
682,20.2,70,7.06,710,61,307,Wheat
743,16.2,55,6.01,1013,240,112,Wheat
689,15.3,52,6.16,802,32,174,Wheat
722,19.8,65,7.12,734,218,172,Wheat
653,19.6,51,6.48,754,138,99,Wheat
709,19.0,54,6.77,866,113,249,Wheat
646,21.2,57,6.83,833,100,330,Wheat
684,21.0,64,7.39,818,125,345,Wheat
714,21.6,56,6.65,1012,89,1,Wheat
690,17.8,69,7.13,886,146,57,Wheat
616,19.7,70,7.28,781,94,388,Wheat
627,15.3,51,6.86,963,165,113,Wheat
655,22.3,58,7.0,916,248,399,Wheat
672,15.7,63,7.06,1006,14,70,Wheat
672,16.5,65,7.43,720,20,87,Wheat
604,16.1,56,6.17,939,213,119,Wheat
639,17.9,52,6.55,896,156,44,Wheat
738,23.8,70,6.07,979,19,112,Wheat
624,15.1,55,7.01,871,30,197,Wheat
610,20.0,60,6.44,938,133,141,Wheat
750,20.7,56,6.68,996,91,219,Wheat
611,24.0,59,6.29,822,45,61,Wheat
671,22.6,59,7.17,992,213,248,Wheat
647,23.1,53,6.84,955,2,117,Wheat
676,23.6,59,6.62,940,151,215,Wheat
616,24.2,58,6.17,954,252,267,Wheat
686,21.8,62,6.62,880,70,164,Wheat
677,24.9,50,6.11,730,110,276,Wheat
707,23.1,65,6.46,1000,178,315,Wheat
603,20.4,56,6.71,846,0,67,Wheat
644,20.7,54,7.48,847,38,280,Wheat
602,18.5,51,7.04,928,264,340,Wheat
623,17.3,51,7.25,961,41,249,Wheat
642,21.1,59,6.94,973,8,175,Wheat
675,18.7,59,6.12,957,41,206,Wheat
608,17.0,57,6.53,1023,226,384,Wheat
644,18.0,53,7.17,808,81,222,Wheat
626,24.4,53,6.79,853,208,392,Wheat
601,18.5,68,7.02,913,261,199,Wheat
708,15.7,61,6.9,834,266,142,Wheat
669,19.2,55,6.47,906,249,62,Wheat
643,20.1,67,7.43,744,138,172,Wheat
639,16.2,60,6.25,804,59,134,Wheat
671,21.4,61,6.07,1012,179,193,Wheat
636,17.1,63,7.11,929,187,61,Wheat
647,17.3,66,6.89,794,208,247,Wheat
618,20.6,55,7.05,725,215,399,Wheat
673,23.9,53,6.49,962,54,189,Wheat
624,24.0,50,6.33,877,12,327,Wheat
640,20.6,59,6.52,738,55,317,Wheat
642,22.8,64,7.26,909,298,156,Wheat
690,19.1,59,7.02,873,192,275,Wheat
629,20.5,51,7.11,962,40,193,Wheat
633,24.0,69,6.77,844,172,355,Wheat
708,18.7,58,7.43,706,266,337,Wheat
652,19.8,59,6.33,908,265,215,Wheat
672,22.7,70,6.97,708,163,2,Wheat
714,15.8,63,7.33,799,45,254,Wheat
685,15.8,58,6.44,881,233,141,Wheat
698,16.1,59,6.05,891,170,373,Wheat
696,23.1,67,6.4,940,34,41,Wheat
709,24.7,70,6.98,780,78,302,Wheat
613,16.7,56,6.55,824,288,219,Wheat
719,15.9,69,7.3,871,48,367,Wheat
697,16.4,62,6.44,949,205,135,Wheat
639,22.7,59,6.21,953,8,35,Wheat
729,22.2,55,6.31,882,269,211,Wheat
725,20.2,65,7.29,952,37,229,Wheat
612,16.6,56,7.17,837,265,31,Wheat
647,23.3,68,6.8,959,295,308,Wheat
737,18.8,57,6.93,714,46,91,Wheat
708,21.9,53,7.04,877,223,219,Wheat
741,20.3,55,7.47,896,196,34,Wheat
705,23.0,68,7.18,733,247,363,Wheat
603,23.1,56,6.52,739,153,317,Wheat
661,18.3,69,6.37,784,37,374,Wheat
730,22.8,60,6.17,709,161,261,Wheat
679,20.3,68,6.53,859,98,286,Wheat
679,24.3,59,6.89,738,14,308,Wheat
711,21.8,62,7.47,713,70,67,Wheat
663,23.5,56,6.98,845,82,180,Wheat
709,17.2,67,6.78,703,106,219,Wheat
693,23.2,54,6.08,967,102,299,Wheat
684,19.9,57,6.51,782,18,374,Wheat
678,18.1,66,6.35,793,226,160,Wheat
745,15.5,57,7.21,785,31,390,Wheat
698,21.7,59,7.08,806,67,32,Wheat
621,19.0,59,7.17,946,117,394,Wheat
634,22.7,60,7.11,719,95,313,Wheat
734,21.3,62,6.99,923,158,208,Wheat
672,15.7,57,6.52,765,247,248,Wheat
668,19.6,63,7.18,747,171,272,Wheat
615,19.9,59,7.15,1000,184,8,Wheat
745,16.4,66,6.85,997,220,178,Wheat
708,17.6,58,6.38,935,52,123,Wheat
677,19.3,54,6.03,1009,198,332,Wheat
701,17.7,62,7.05,866,41,203,Wheat
641,15.7,59,7.02,704,46,42,Wheat
671,21.8,59,6.6,824,68,165,Wheat
636,17.4,62,7.02,993,237,150,Wheat
612,15.4,55,6.81,804,125,266,Wheat
688,18.7,66,6.98,938,102,67,Wheat
717,18.2,68,7.31,916,132,44,Wheat
671,15.0,64,6.25,753,144,377,Wheat
724,23.7,58,6.48,919,253,153,Wheat
695,22.1,59,6.95,763,288,338,Wheat
626,17.6,66,7.05,718,29,182,Wheat
741,24.0,70,6.04,908,240,3,Wheat
676,15.9,65,7.04,704,2,168,Wheat
615,17.4,56,7.03,742,250,297,Wheat
675,21.1,56,6.36,935,246,305,Wheat
730,17.7,61,6.32,978,145,71,Wheat
648,17.8,61,6.13,921,96,340,Wheat
682,21.4,54,7.13,921,173,48,Wheat
642,16.3,55,7.03,1016,22,67,Wheat
690,15.9,65,6.54,967,55,294,Wheat
633,18.0,60,6.91,996,134,211,Wheat
661,16.2,51,6.68,798,89,224,Wheat
717,16.5,52,6.93,781,106,396,Wheat
740,22.4,56,7.14,962,251,399,Wheat
678,15.0,62,6.91,810,132,386,Wheat
645,18.0,66,7.14,743,255,396,Wheat
700,24.9,70,6.98,824,156,294,Wheat
666,18.8,62,6.04,852,223,336,Wheat
740,23.0,63,6.29,1019,213,205,Wheat
651,22.3,63,6.85,867,273,268,Wheat
747,16.6,58,6.16,706,287,396,Wheat
641,17.7,59,7.29,840,181,36,Wheat
615,18.7,67,6.27,888,107,322,Wheat
687,22.6,57,6.94,739,134,111,Wheat
628,20.0,67,7.13,972,212,63,Wheat
735,23.4,60,6.1,717,157,68,Wheat
641,19.5,63,6.46,857,18,296,Wheat
715,16.6,54,7.04,721,235,302,Wheat
742,16.5,65,6.96,753,87,389,Wheat
685,21.0,70,6.19,820,47,251,Wheat
620,16.1,60,6.28,737,101,286,Wheat
715,22.1,51,6.34,964,79,18,Wheat
644,16.1,61,6.83,805,236,93,Wheat
708,23.6,55,6.96,906,251,101,Wheat
693,23.6,55,7.0,881,158,105,Wheat
627,17.0,52,6.51,808,18,149,Wheat
732,19.6,65,6.79,791,51,301,Wheat
654,17.7,65,7.16,864,133,166,Wheat
735,19.8,53,6.18,821,163,12,Wheat
663,16.2,51,7.32,744,40,388,Wheat
746,22.5,65,6.7,792,3,82,Wheat
730,21.8,68,6.23,862,237,65,Wheat
714,24.1,70,6.92,789,140,57,Wheat
618,24.0,70,6.17,703,27,173,Wheat
647,20.5,52,6.24,963,287,288,Wheat
743,23.9,57,6.5,848,96,197,Wheat
619,15.2,52,6.51,987,142,26,Wheat
649,18.7,63,7.37,875,254,268,Wheat
644,19.1,55,7.03,723,108,262,Wheat
623,23.7,64,6.57,725,132,319,Wheat
727,18.1,62,7.31,797,18,205,Wheat
635,20.3,59,6.19,837,181,184,Wheat
614,20.3,67,6.89,957,170,58,Wheat
648,22.7,51,7.21,830,148,237,Wheat
704,19.8,65,7.4,724,47,203,Wheat
675,21.4,50,6.62,969,47,220,Wheat
731,18.3,57,7.02,767,91,296,Wheat
616,16.2,69,7.28,977,262,383,Wheat
607,19.9,67,6.27,973,142,339,Wheat
703,24.5,56,6.95,880,265,206,Wheat
703,24.8,52,6.47,700,122,38,Wheat
661,25.0,56,6.02,795,62,49,Wheat
747,24.7,52,7.12,967,276,169,Wheat
735,23.8,64,7.38,904,75,270,Wheat
670,17.7,68,6.91,877,293,386,Wheat
651,22.7,52,7.46,907,216,383,Wheat
740,23.1,67,6.83,845,254,237,Wheat
648,24.4,63,6.24,934,15,296,Wheat
732,15.2,51,6.59,966,231,197,Wheat
728,18.2,52,6.1,869,172,286,Wheat
600,15.5,63,6.64,826,31,122,Wheat
713,20.5,56,6.91,942,299,290,Wheat
623,19.4,57,7.11,926,291,46,Wheat
612,24.8,68,6.32,910,285,325,Wheat
699,24.9,57,6.27,937,53,194,Wheat
661,23.0,53,7.24,836,169,269,Wheat
697,23.7,57,6.01,913,219,94,Wheat
746,17.3,61,7.39,725,268,138,Wheat
727,20.0,69,6.69,960,5,3,Wheat
662,15.2,61,6.95,842,124,352,Wheat
686,17.9,66,7.08,843,153,310,Wheat
750,20.4,63,6.98,803,2,71,Wheat
646,19.5,53,7.39,779,16,362,Wheat
698,21.4,51,7.22,863,171,202,Wheat
664,21.1,55,6.96,832,168,177,Wheat
671,18.1,53,6.81,758,294,166,Wheat
743,24.3,61,7.49,777,244,256,Wheat
690,23.8,54,6.9,761,178,123,Wheat
632,16.9,65,6.06,788,109,5,Wheat
641,22.8,64,6.93,903,95,344,Wheat
644,17.9,50,7.06,944,172,273,Wheat
745,16.5,58,6.28,701,294,311,Wheat
665,24.1,55,7.49,710,157,396,Wheat
633,17.5,60,7.12,743,164,204,Wheat
683,22.4,52,6.73,919,169,364,Wheat
625,18.4,61,7.06,1018,247,250,Wheat
711,17.6,51,7.27,826,195,136,Wheat
684,19.1,69,7.33,795,276,60,Wheat
661,23.6,58,6.77,807,155,380,Wheat
658,24.0,50,7.08,743,166,64,Wheat
703,19.5,64,6.58,762,215,51,Wheat
680,16.7,64,7.26,920,100,180,Wheat
726,18.4,60,7.12,968,143,398,Wheat
637,17.4,52,6.62,915,174,168,Wheat
678,16.8,61,6.84,837,285,90,Wheat
667,24.0,59,6.35,827,173,34,Wheat
660,17.4,61,6.14,853,274,358,Wheat
690,19.2,56,6.76,706,116,399,Wheat
691,23.5,62,6.25,895,16,151,Wheat
687,23.3,63,7.21,871,60,180,Wheat
637,19.6,50,6.91,857,126,21,Wheat
649,16.9,67,6.58,720,219,257,Wheat
743,20.6,68,6.28,898,15,263,Wheat
702,17.4,59,7.15,886,189,351,Wheat
694,15.3,54,7.31,876,101,10,Wheat
650,15.3,53,7.11,856,146,317,Wheat
681,21.2,58,6.37,731,72,34,Wheat
603,18.2,67,6.92,916,283,314,Wheat
612,17.9,60,7.12,816,75,353,Wheat
645,17.5,51,6.64,932,0,18,Wheat
746,17.6,57,6.66,720,231,240,Wheat
609,23.4,62,6.21,928,141,138,Wheat
609,20.2,63,7.0,976,42,254,Wheat
732,20.1,68,6.25,863,42,221,Wheat
687,17.4,53,6.6,977,17,374,Wheat
605,23.0,51,6.58,848,81,72,Wheat
745,15.0,59,7.37,848,137,133,Wheat
681,25.0,66,7.19,837,98,80,Wheat
749,15.9,56,6.11,877,78,287,Wheat
655,20.1,64,6.89,815,224,383,Wheat
742,19.5,70,6.18,814,105,152,Wheat
686,20.6,63,7.33,875,234,293,Wheat
620,20.1,65,6.7,991,108,380,Wheat
740,20.0,57,6.38,1018,197,367,Wheat
707,16.0,54,7.02,868,238,150,Wheat
621,20.3,61,6.05,747,196,258,Wheat
600,15.1,57,6.99,760,179,62,Wheat
615,22.2,66,6.64,983,75,28,Wheat
731,15.9,62,6.58,907,147,256,Wheat
604,23.7,60,6.71,867,66,128,Wheat
680,23.5,65,6.28,701,245,200,Wheat
684,21.0,56,6.17,720,207,280,Wheat
645,21.9,57,6.55,894,105,94,Wheat
601,16.0,55,7.48,825,105,192,Wheat
613,21.4,55,6.11,973,187,279,Wheat
736,22.3,59,6.81,837,233,260,Wheat
670,21.6,70,6.66,966,190,341,Wheat
625,21.0,68,6.75,942,65,337,Wheat
616,18.5,66,6.5,797,35,327,Wheat
664,15.7,58,7.34,748,287,96,Wheat
746,23.7,59,6.3,722,245,52,Wheat
664,17.6,52,7.34,704,85,45,Wheat
694,19.2,68,6.87,793,216,198,Wheat
701,17.2,70,6.86,906,162,354,Wheat
623,16.4,52,6.26,712,284,182,Wheat
685,24.1,52,7.05,815,60,115,Wheat
736,21.6,64,7.5,847,261,169,Wheat
669,18.6,66,6.94,911,79,146,Wheat
691,22.4,68,6.55,1020,182,225,Wheat
638,15.4,61,7.3,728,136,208,Wheat
600,24.5,70,6.07,718,263,391,Wheat
707,17.1,57,7.18,792,225,299,Wheat
646,17.4,59,6.32,972,248,327,Wheat
713,18.5,50,7.45,852,43,256,Wheat
653,22.8,55,7.36,994,254,312,Wheat
657,24.1,58,7.07,898,8,243,Wheat
608,21.3,53,6.6,979,82,398,Wheat
610,20.9,68,6.77,934,87,337,Wheat
693,18.8,55,6.56,901,147,82,Wheat
633,20.3,52,6.21,805,163,391,Wheat
665,19.2,56,6.28,1009,229,93,Wheat
626,22.0,66,7.13,791,201,255,Wheat
726,19.4,70,6.38,776,15,182,Wheat
694,17.6,57,6.21,890,133,151,Wheat
718,16.2,51,7.43,933,280,116,Wheat
721,20.9,57,6.77,903,253,288,Wheat
612,20.4,69,7.22,727,64,215,Wheat
685,18.1,55,6.32,839,264,336,Wheat
737,15.8,62,6.04,887,63,365,Wheat
693,15.1,69,7.19,956,92,392,Wheat
708,18.4,62,6.01,969,89,39,Wheat
696,17.2,65,7.18,881,291,321,Wheat
631,20.6,63,6.04,798,131,54,Wheat
716,18.9,55,6.22,705,28,81,Wheat
637,21.0,60,6.03,847,251,296,Wheat
624,22.2,65,6.11,1007,185,392,Wheat
686,23.8,70,6.17,863,36,140,Wheat
689,18.1,52,6.23,798,254,193,Wheat
616,18.5,69,6.65,795,77,103,Wheat
640,15.8,66,6.55,742,146,119,Wheat
684,20.1,52,6.59,877,76,272,Wheat
725,24.1,50,6.68,1013,264,356,Wheat
706,20.1,54,6.65,995,84,95,Wheat
605,23.3,61,6.7,867,145,180,Wheat
684,24.4,59,7.05,829,204,214,Wheat
700,22.8,56,6.68,850,234,250,Wheat
655,21.7,62,6.95,703,7,142,Wheat
739,20.2,55,7.14,765,289,212,Wheat
726,17.2,69,6.03,972,241,297,Wheat
639,16.0,55,7.39,766,12,148,Wheat
746,22.3,52,6.17,770,147,266,Wheat
626,16.1,68,6.55,945,211,260,Wheat
747,15.8,64,7.45,892,189,254,Wheat
606,25.0,60,7.21,927,68,368,Wheat
636,21.1,65,7.4,867,10,367,Wheat
606,15.3,51,7.17,704,175,247,Wheat
603,22.9,57,6.7,882,267,269,Wheat
620,17.1,68,7.01,874,293,181,Wheat
674,17.7,65,6.79,1021,44,78,Wheat
641,16.7,64,6.49,971,54,248,Wheat
732,16.8,58,7.16,953,152,380,Wheat
648,22.2,51,6.87,911,299,102,Wheat
632,16.2,67,6.34,779,243,238,Wheat
733,24.7,69,7.39,962,158,183,Wheat
644,15.8,69,7.2,1007,71,22,Wheat
630,25.0,64,7.05,923,146,335,Wheat
645,17.4,56,6.11,1017,152,330,Wheat
746,24.3,59,6.76,755,295,53,Wheat
702,15.2,58,7.05,908,298,288,Wheat
736,15.0,64,6.4,812,244,299,Wheat
742,23.3,61,6.64,835,117,182,Wheat
733,15.3,57,7.17,998,186,191,Wheat
664,20.0,55,6.9,706,2,365,Wheat
642,22.5,57,7.28,957,180,32,Wheat
636,17.5,61,6.9,1002,152,31,Wheat
733,17.4,64,6.91,958,168,378,Wheat
620,23.8,52,6.77,936,64,301,Wheat
737,23.8,65,6.32,860,235,139,Wheat
697,19.4,65,6.11,852,143,65,Wheat
678,19.4,69,7.42,1021,108,173,Wheat
708,21.6,68,6.16,868,229,115,Wheat
748,17.6,50,6.17,734,34,3,Wheat
727,16.7,53,6.96,718,298,322,Wheat
708,21.9,60,6.95,775,234,268,Wheat
639,21.4,60,6.68,728,234,41,Wheat
613,23.5,70,7.11,876,116,63,Wheat
693,18.3,54,6.65,765,160,277,Wheat
696,23.1,64,7.49,941,81,356,Wheat
655,23.5,69,7.38,762,227,40,Wheat
744,18.4,69,7.44,841,128,295,Wheat
643,15.1,52,7.3,884,281,28,Wheat
667,20.5,63,6.47,816,94,201,Wheat
659,18.9,57,7.49,790,170,16,Wheat
629,23.9,50,6.95,980,83,39,Wheat
676,16.7,61,6.46,985,236,73,Wheat
733,16.5,63,7.25,944,86,289,Wheat
607,23.2,52,7.04,924,60,4,Wheat
699,21.0,50,6.52,944,148,79,Wheat
667,22.7,64,6.04,900,273,288,Wheat
630,19.2,53,6.18,814,91,246,Wheat
664,17.7,66,7.38,881,6,344,Wheat
743,22.6,62,6.93,977,213,51,Wheat
692,15.9,53,7.36,909,51,322,Wheat
711,16.0,55,7.12,748,271,228,Wheat
739,16.2,56,6.22,958,178,92,Wheat
647,19.4,53,7.3,901,260,351,Wheat
724,15.2,58,6.42,826,273,122,Wheat
708,19.9,65,6.07,856,42,45,Wheat
710,24.5,57,7.1,821,236,89,Wheat
731,16.9,63,6.96,981,40,350,Wheat
618,18.9,65,6.81,834,8,113,Wheat
646,24.3,50,7.06,992,279,81,Wheat
679,22.2,51,6.37,812,134,7,Wheat
652,16.3,58,6.56,954,33,97,Wheat
603,20.2,54,7.11,868,2,6,Wheat
689,22.3,68,6.47,808,221,389,Wheat
707,15.8,63,7.32,921,57,59,Wheat
621,24.6,52,6.98,822,284,32,Wheat
652,22.8,55,6.84,804,89,121,Wheat
611,22.0,59,6.59,1020,252,11,Wheat
647,15.8,66,6.7,809,298,360,Wheat
711,19.2,70,6.92,883,177,249,Wheat
709,24.2,58,7.44,830,238,399,Wheat
740,17.8,50,6.82,751,165,21,Wheat
730,16.7,70,6.05,910,140,1,Wheat
750,23.1,66,7.44,701,81,169,Wheat
649,18.6,61,6.7,872,242,178,Wheat
699,18.5,56,6.02,906,163,83,Wheat
702,23.7,53,7.01,935,186,263,Wheat
700,24.6,54,7.05,783,120,398,Wheat
650,15.7,61,6.47,784,268,26,Wheat
636,21.2,53,6.67,707,275,377,Wheat
606,22.9,58,6.94,1020,178,259,Wheat
647,21.3,52,6.76,1009,202,156,Wheat
687,16.7,65,6.84,886,95,285,Wheat
705,15.4,64,6.31,900,255,181,Wheat
606,24.7,50,7.25,703,294,194,Wheat
732,17.4,65,6.88,896,62,166,Wheat
636,17.9,58,6.84,976,289,305,Wheat
738,16.3,57,6.56,973,288,375,Wheat
688,16.7,69,6.33,1004,139,253,Wheat
749,17.5,68,7.16,1001,179,162,Wheat
708,17.1,59,6.5,863,26,32,Wheat
607,15.8,66,6.31,815,17,84,Wheat
740,19.5,67,6.92,1020,62,222,Wheat
743,19.0,68,6.73,891,222,257,Wheat
668,23.0,63,6.93,774,86,382,Wheat
683,24.6,55,7.46,798,237,270,Wheat
735,15.7,55,7.42,752,128,289,Wheat
666,17.3,53,7.33,777,88,278,Wheat
602,22.3,53,6.96,798,5,256,Wheat
675,20.0,62,7.21,1022,96,230,Wheat
620,19.0,51,7.31,961,269,218,Wheat
719,21.2,62,6.22,899,279,75,Wheat
653,16.2,56,6.88,936,85,368,Wheat
653,16.7,61,6.63,707,71,60,Wheat
726,18.4,60,6.34,853,210,326,Wheat
692,18.6,64,6.68,953,203,207,Wheat
710,24.8,50,6.31,801,90,248,Wheat
605,22.1,65,7.46,1017,150,131,Wheat
706,24.0,59,6.27,818,42,149,Wheat
699,18.3,56,6.77,720,173,245,Wheat
683,16.9,50,7.27,984,171,232,Wheat
698,15.4,63,6.7,753,199,77,Wheat
749,24.1,64,7.18,964,272,172,Wheat
724,16.7,69,6.56,703,182,108,Wheat
707,22.3,54,7.23,850,281,292,Wheat
743,19.4,60,7.14,918,256,278,Wheat
624,18.9,54,6.07,918,194,378,Wheat
674,22.1,50,6.09,916,128,371,Wheat
711,20.3,52,6.98,765,255,214,Wheat
726,18.0,59,7.34,857,96,285,Wheat
697,21.2,51,7.04,739,126,349,Wheat
656,16.5,64,6.0,922,12,1,Wheat
636,21.7,51,6.13,903,276,351,Wheat
723,16.6,50,6.67,806,91,8,Wheat
691,18.2,57,7.25,712,42,201,Wheat
679,24.5,69,7.02,755,273,284,Wheat
618,17.0,52,6.15,978,149,83,Wheat
603,15.2,60,6.02,700,46,53,Wheat
725,15.6,63,7.11,914,35,232,Wheat
698,21.7,57,6.69,999,284,308,Wheat
663,20.1,66,7.22,887,217,20,Wheat
695,24.9,66,6.72,1008,186,61,Wheat
696,19.4,56,6.51,713,259,339,Wheat
681,15.1,53,6.9,867,76,300,Wheat
635,20.9,60,6.23,787,209,392,Wheat
648,21.3,67,6.66,921,196,151,Wheat
719,21.0,56,7.07,975,249,368,Wheat
660,19.8,66,6.1,753,32,351,Wheat
642,24.2,70,6.23,823,49,144,Wheat
620,19.3,64,6.71,711,198,351,Wheat
653,21.3,53,6.47,834,183,51,Wheat
748,22.2,55,6.93,702,227,342,Wheat
619,15.9,56,6.79,958,196,61,Wheat
675,16.9,60,7.38,860,257,91,Wheat
632,21.4,62,6.44,746,235,370,Wheat
744,21.2,64,6.78,924,205,8,Wheat
710,23.6,52,6.28,750,114,389,Wheat
602,15.6,59,7.24,726,212,134,Wheat
629,22.6,65,6.11,939,30,372,Wheat
681,17.7,59,6.68,946,180,204,Wheat
645,18.9,54,6.43,863,290,368,Wheat
651,24.0,50,7.21,946,145,305,Wheat
689,25.0,69,6.31,738,278,202,Wheat
629,21.1,65,7.28,810,80,60,Wheat
727,23.6,57,6.49,979,21,361,Wheat
620,20.6,65,6.01,783,152,388,Wheat
637,17.5,58,6.73,844,16,233,Wheat
672,23.2,53,6.02,814,56,146,Wheat
698,16.9,70,6.65,894,187,191,Wheat
695,20.6,65,6.12,969,150,18,Wheat
718,19.8,63,7.0,948,141,19,Wheat
658,23.5,62,6.37,838,73,312,Wheat
685,18.4,52,6.09,980,197,128,Wheat
633,19.5,60,6.66,1001,283,337,Wheat
696,16.4,60,6.43,753,124,11,Wheat
613,21.7,55,6.47,711,88,171,Wheat
678,25.0,62,7.1,856,73,310,Wheat
666,22.6,66,6.8,1018,166,64,Wheat
715,19.2,57,6.17,906,91,157,Wheat
631,18.9,52,7.22,721,85,238,Wheat
667,22.9,59,6.76,885,39,64,Wheat
644,16.8,61,7.34,990,177,311,Wheat
616,24.5,62,6.53,864,5,265,Wheat
688,25.0,66,6.56,1010,201,121,Wheat
693,21.1,67,6.73,810,78,380,Wheat
713,24.2,65,6.5,717,134,103,Wheat
601,16.1,55,6.14,713,154,268,Wheat
687,22.8,61,6.75,819,247,220,Wheat
611,24.8,59,7.33,965,231,59,Wheat
677,19.6,66,6.99,841,252,397,Wheat
620,24.7,59,6.11,902,297,231,Wheat
699,23.6,58,7.06,853,228,48,Wheat
644,24.4,67,7.24,731,64,35,Wheat
654,16.0,65,7.24,834,121,24,Wheat
733,16.6,62,7.26,866,119,185,Wheat
682,16.3,59,6.22,731,253,95,Wheat
663,16.4,59,6.07,1002,157,239,Wheat
701,17.7,55,6.35,761,179,252,Wheat
725,23.3,66,6.25,883,290,172,Wheat
608,20.0,69,7.1,904,287,384,Wheat
730,22.8,64,6.41,753,103,319,Wheat
745,21.6,50,6.31,733,104,211,Wheat
615,15.6,52,6.02,730,9,228,Wheat
722,20.5,67,6.13,965,170,137,Wheat
674,21.7,60,6.59,827,264,220,Wheat
602,22.9,66,7.25,739,162,317,Wheat
836,29.5,72,5.75,860,1002,577,Rice
869,33.1,78,6.18,910,776,769,Rice
856,26.3,74,5.9,603,845,864,Rice
780,25.0,84,6.13,850,1019,1018,Rice
774,26.8,73,5.57,677,606,502,Rice
808,27.1,77,5.95,832,692,817,Rice
915,30.3,79,6.05,675,869,751,Rice
894,27.1,74,6.24,670,611,650,Rice
910,29.6,72,6.24,848,1013,706,Rice
944,25.2,76,5.64,695,803,723,Rice
783,27.9,90,5.58,724,765,622,Rice
796,34.6,75,5.54,703,720,634,Rice
757,29.2,75,6.04,775,1018,773,Rice
794,33.2,85,5.88,855,954,884,Rice
889,30.0,84,5.82,965,719,693,Rice
837,32.3,89,6.05,1012,893,966,Rice
879,27.7,74,5.78,800,832,716,Rice
784,29.5,89,6.17,757,898,701,Rice
808,32.2,83,5.74,1017,699,822,Rice
921,26.2,77,5.62,925,1013,565,Rice
921,28.8,84,6.49,981,732,1017,Rice
877,33.9,70,5.68,740,952,788,Rice
790,31.2,79,6.35,986,630,714,Rice
884,29.6,70,5.75,989,682,744,Rice
936,28.6,89,5.85,877,676,777,Rice
818,34.6,81,6.01,975,1023,734,Rice
812,25.0,82,5.58,635,955,979,Rice
852,27.0,86,6.28,706,986,824,Rice
805,31.1,86,5.54,982,888,567,Rice
862,28.2,88,5.7,994,662,873,Rice
916,31.0,82,6.19,824,823,750,Rice
838,32.5,86,6.06,744,992,860,Rice
758,32.8,87,6.03,787,702,997,Rice
867,31.6,77,6.49,933,646,619,Rice
947,27.8,86,5.78,657,675,605,Rice
780,27.4,75,5.96,962,683,588,Rice
807,28.2,75,5.79,983,615,981,Rice
904,29.2,71,6.24,745,896,810,Rice
831,29.7,88,6.09,662,918,705,Rice
769,32.0,80,5.95,620,910,764,Rice
783,32.9,90,6.32,955,789,604,Rice
758,29.2,73,5.65,861,742,550,Rice
913,25.4,74,6.36,634,630,751,Rice
891,26.0,85,6.39,742,902,909,Rice
940,27.0,85,6.34,786,706,563,Rice
925,31.8,84,6.05,642,646,822,Rice
934,27.7,81,6.14,992,795,535,Rice
819,33.2,77,6.36,875,602,648,Rice
823,34.3,84,5.91,959,625,544,Rice
892,29.9,78,5.71,688,942,859,Rice
850,28.8,71,6.47,664,610,998,Rice
780,28.8,88,5.85,983,841,844,Rice
827,32.4,71,5.62,637,757,650,Rice
787,27.7,77,5.73,727,721,727,Rice
837,26.5,89,5.95,801,902,624,Rice
758,30.9,88,5.53,727,693,971,Rice
824,35.0,74,6.32,830,928,587,Rice
791,28.3,74,5.91,624,826,681,Rice
779,29.7,76,6.41,748,941,798,Rice
930,25.7,72,5.51,937,765,568,Rice
863,33.2,84,5.99,820,808,764,Rice
825,25.7,89,6.13,640,677,829,Rice
815,34.8,75,5.82,1023,725,1002,Rice
939,26.6,90,5.76,727,738,539,Rice
938,33.4,77,6.48,815,850,915,Rice
887,25.9,78,5.92,667,811,537,Rice
787,29.2,75,6.2,945,715,903,Rice
843,32.6,84,6.15,662,974,511,Rice
852,34.8,82,5.68,608,655,670,Rice
811,28.1,78,5.71,980,855,584,Rice
883,32.1,87,5.88,966,1016,563,Rice
939,28.1,85,6.32,1020,694,806,Rice
887,26.1,88,6.4,621,955,754,Rice
930,32.9,77,5.66,610,622,732,Rice
885,26.6,72,6.23,981,720,521,Rice
833,28.0,73,5.62,1022,877,881,Rice
796,34.4,72,6.03,678,825,695,Rice
916,32.0,87,6.06,953,939,967,Rice
906,25.4,84,6.36,708,769,580,Rice
863,33.3,77,5.86,725,781,987,Rice
817,29.6,88,5.69,602,941,640,Rice
942,30.0,84,6.28,850,890,648,Rice
905,28.3,81,5.68,752,794,760,Rice
771,33.6,82,5.86,691,603,949,Rice
892,25.4,73,5.73,735,793,558,Rice
832,29.1,85,5.54,980,695,818,Rice
764,31.7,81,5.65,940,1005,830,Rice
802,30.1,86,5.76,729,896,1020,Rice
928,26.4,89,6.22,620,680,538,Rice
926,27.0,75,5.95,737,1008,836,Rice
854,33.8,88,6.14,910,938,545,Rice
880,26.5,77,6.04,643,923,994,Rice
904,28.4,83,5.98,791,982,894,Rice
794,25.4,90,5.84,613,793,698,Rice
824,32.0,89,6.42,729,669,956,Rice
908,27.1,74,5.98,796,823,872,Rice
774,27.6,82,5.99,606,995,679,Rice
846,30.3,90,5.96,848,819,574,Rice
850,25.6,81,6.12,983,794,892,Rice
775,29.4,85,5.55,728,881,523,Rice
898,28.2,84,5.99,761,811,547,Rice
841,28.1,73,5.59,893,950,639,Rice
913,25.8,86,5.7,828,790,677,Rice
764,30.7,76,5.92,1019,966,561,Rice
793,31.7,89,5.6,918,988,794,Rice
763,25.1,88,6.46,642,808,1011,Rice
761,25.7,77,6.22,856,638,1012,Rice
934,27.0,88,5.71,1007,845,532,Rice
910,34.4,77,5.96,891,952,807,Rice
916,27.6,71,5.62,704,988,840,Rice
838,32.6,77,5.51,1017,800,530,Rice
881,27.8,84,6.34,911,976,553,Rice
915,32.3,72,6.05,854,678,743,Rice
779,28.6,76,5.73,703,798,550,Rice
766,33.0,88,6.0,949,974,660,Rice
758,25.9,72,5.9,994,925,722,Rice
796,30.0,71,6.33,718,881,809,Rice
827,25.7,70,6.43,879,654,580,Rice
942,28.0,73,6.22,905,743,657,Rice
822,32.7,89,6.36,993,602,862,Rice
806,28.8,75,5.59,928,657,787,Rice
904,31.1,78,5.79,937,688,691,Rice
839,30.8,74,5.9,627,911,649,Rice
933,27.1,78,5.88,695,842,952,Rice
904,31.6,87,6.45,675,832,819,Rice
946,26.7,75,6.49,608,918,853,Rice
818,33.5,72,5.84,849,855,894,Rice
918,30.8,71,6.0,949,662,538,Rice
848,30.1,70,6.06,735,897,639,Rice
936,30.7,79,5.83,719,787,598,Rice
928,31.5,70,5.95,703,950,821,Rice
751,35.0,80,5.89,694,965,645,Rice
882,34.6,84,5.83,908,882,859,Rice
846,32.4,82,5.55,940,924,917,Rice
925,25.8,79,5.59,804,820,876,Rice
867,29.8,80,5.52,986,884,718,Rice
884,30.0,86,6.33,766,947,730,Rice
820,30.1,77,6.14,600,767,894,Rice
769,25.1,83,6.31,607,759,630,Rice
825,31.7,79,6.47,898,678,776,Rice
753,31.3,85,6.17,806,861,576,Rice
896,25.2,78,6.14,635,836,626,Rice
766,32.2,90,5.96,1000,991,611,Rice
908,31.7,90,6.0,648,727,805,Rice
853,35.0,71,6.48,616,964,683,Rice
870,33.5,84,6.48,954,730,631,Rice
940,31.6,72,6.19,726,893,985,Rice
828,29.5,77,6.06,769,880,825,Rice
788,26.2,75,6.05,1008,613,602,Rice
947,32.9,89,5.71,796,914,967,Rice
798,28.7,78,5.5,986,680,514,Rice
831,26.9,78,5.71,741,679,905,Rice
812,26.9,77,6.06,923,823,588,Rice
781,34.4,84,5.96,670,615,823,Rice
856,27.2,87,5.51,826,794,686,Rice
874,29.0,85,5.56,831,706,556,Rice
833,33.8,72,5.89,827,635,816,Rice
854,32.0,81,6.02,900,811,971,Rice
783,30.0,77,5.79,768,980,655,Rice
856,30.7,88,5.75,805,693,515,Rice
904,31.8,88,6.44,606,621,880,Rice
861,28.2,73,5.51,725,1015,590,Rice
786,26.5,73,6.4,744,664,719,Rice
927,29.7,70,5.89,889,909,897,Rice
906,33.2,79,5.99,856,899,697,Rice
893,32.5,85,6.08,682,760,566,Rice
833,31.2,83,5.77,765,644,529,Rice
832,31.9,81,6.44,635,637,930,Rice
802,33.4,74,6.43,700,922,690,Rice
830,25.3,82,6.08,1015,650,628,Rice
912,31.7,88,5.56,892,869,990,Rice
921,27.0,87,5.71,657,737,988,Rice
862,25.4,89,6.19,680,801,750,Rice
835,33.6,84,6.01,1021,866,501,Rice
791,26.8,83,6.26,906,750,1018,Rice
760,32.2,78,6.1,796,683,810,Rice
864,29.4,71,6.44,936,746,535,Rice
857,29.6,80,5.78,895,746,710,Rice
935,29.2,78,6.32,767,710,933,Rice
859,28.2,84,5.53,756,908,671,Rice
811,27.8,88,5.63,891,702,1004,Rice
883,30.4,89,6.34,996,642,803,Rice
888,25.1,86,5.89,843,766,866,Rice
922,26.4,77,5.64,921,670,964,Rice
777,33.0,83,5.97,841,663,519,Rice
852,31.7,77,6.21,803,701,869,Rice
938,34.7,76,5.93,987,680,806,Rice
890,26.3,79,5.93,603,906,926,Rice
868,25.4,80,6.02,910,710,574,Rice
892,26.8,72,5.56,706,1019,723,Rice
758,31.2,79,6.35,1006,805,650,Rice
937,26.4,76,6.41,636,964,735,Rice
805,29.2,90,5.8,715,984,783,Rice
807,28.3,86,5.6,974,925,833,Rice
863,32.8,80,5.77,847,633,833,Rice
893,31.2,89,6.17,821,982,772,Rice
927,32.8,80,5.76,869,712,880,Rice
884,28.1,72,5.7,942,1018,1000,Rice
803,27.0,88,5.57,776,702,745,Rice
908,30.7,89,5.66,1021,914,948,Rice
937,27.3,79,6.07,922,985,755,Rice
844,29.4,87,6.33,688,888,1006,Rice
935,25.7,76,5.54,870,755,560,Rice
772,32.4,88,6.5,750,800,982,Rice
889,31.3,81,5.5,969,956,627,Rice
861,25.8,82,6.22,848,762,887,Rice
817,31.5,84,5.91,967,927,725,Rice
839,29.4,74,6.4,825,855,710,Rice
842,30.7,78,6.13,781,832,867,Rice
933,32.2,77,6.07,819,834,955,Rice
942,30.6,82,5.58,636,743,612,Rice
906,33.6,70,6.24,863,901,694,Rice
794,31.5,82,5.69,629,930,771,Rice
838,26.5,85,6.18,606,816,784,Rice
765,33.0,89,5.78,634,986,596,Rice
784,27.0,78,5.94,951,952,569,Rice
903,31.6,77,6.24,728,756,660,Rice
876,28.1,81,6.14,752,710,908,Rice
936,25.2,86,6.01,1001,916,690,Rice
786,25.0,87,5.75,995,723,577,Rice
884,28.5,82,5.86,1019,996,901,Rice
763,25.7,81,5.88,980,970,1019,Rice
877,26.1,81,5.67,812,663,751,Rice
868,27.4,75,5.74,642,948,814,Rice
932,26.3,72,5.86,1000,820,513,Rice
913,33.2,75,5.99,1000,843,938,Rice
876,27.5,84,6.23,871,779,677,Rice
919,30.8,77,6.39,918,957,580,Rice
855,31.0,78,5.82,928,874,616,Rice
946,26.5,85,5.73,605,619,739,Rice
895,32.8,85,6.29,1012,819,914,Rice
845,25.5,73,5.56,898,940,921,Rice
881,25.9,71,5.69,861,900,884,Rice
912,31.8,81,6.47,994,784,962,Rice
847,34.9,71,6.49,1007,876,543,Rice
873,27.0,79,5.7,885,990,953,Rice
762,32.8,70,5.69,856,699,623,Rice
804,27.3,75,5.8,618,998,787,Rice
852,32.1,89,6.45,625,1007,941,Rice
890,26.4,79,6.49,915,742,881,Rice
894,27.0,79,6.01,779,975,875,Rice
949,25.9,70,6.47,785,998,797,Rice
912,30.3,81,5.58,807,962,611,Rice
792,31.2,83,5.83,675,641,918,Rice
765,28.1,80,6.43,829,767,651,Rice
825,25.4,74,6.49,1007,991,509,Rice
789,29.0,74,6.22,623,960,851,Rice
932,32.9,77,6.04,632,666,702,Rice
884,26.0,80,5.59,629,748,1011,Rice
762,34.2,88,5.71,624,830,953,Rice
871,29.9,70,5.95,801,960,853,Rice
752,34.3,88,6.24,933,788,657,Rice
896,32.6,87,5.79,676,815,589,Rice
823,27.6,71,6.13,627,734,541,Rice
759,32.0,86,6.18,954,1012,815,Rice
752,28.6,83,5.9,954,955,587,Rice
845,27.4,80,6.29,742,821,909,Rice
767,31.6,71,6.2,671,809,519,Rice
839,34.2,77,6.26,753,622,749,Rice
946,26.2,70,5.83,882,736,885,Rice
806,25.6,79,6.18,941,681,705,Rice
827,27.3,81,5.62,643,793,713,Rice
783,29.8,83,5.71,798,936,601,Rice
838,32.2,74,6.19,763,619,683,Rice
851,26.8,84,6.47,1012,714,643,Rice
874,34.3,75,5.7,707,714,1015,Rice
777,34.1,87,6.05,716,856,727,Rice
934,35.0,76,6.39,979,862,891,Rice
911,28.1,82,6.4,944,618,798,Rice
754,28.2,85,5.89,945,905,882,Rice
916,26.8,84,6.31,988,809,505,Rice
878,34.3,84,6.05,896,658,986,Rice
911,28.5,79,6.27,728,729,897,Rice
765,33.3,75,6.14,724,605,684,Rice
801,28.8,89,5.67,731,657,809,Rice
764,31.0,85,6.42,600,913,1011,Rice
872,26.3,73,5.98,820,672,710,Rice
858,28.2,87,6.48,918,682,527,Rice
871,30.8,80,6.35,875,767,524,Rice
803,26.0,88,5.67,724,669,997,Rice
866,33.5,75,5.99,843,656,598,Rice
802,32.9,85,6.45,780,685,516,Rice
861,29.7,78,6.32,870,920,890,Rice
812,30.2,88,6.15,606,924,534,Rice
835,30.1,86,6.18,611,683,526,Rice
757,25.7,79,6.23,708,978,590,Rice
832,34.1,83,6.07,940,661,933,Rice
824,27.2,74,6.3,868,990,625,Rice
787,34.0,81,6.41,785,628,546,Rice
830,29.2,81,6.23,986,612,642,Rice
879,28.3,85,5.88,791,603,728,Rice
800,30.0,76,6.33,630,770,1004,Rice
946,27.6,78,5.62,839,632,619,Rice
850,34.5,82,5.77,627,807,787,Rice
764,26.2,73,6.13,877,611,614,Rice
847,32.1,85,5.87,770,1013,788,Rice
809,25.3,77,6.02,910,684,651,Rice
912,26.5,85,5.51,619,657,864,Rice
852,27.8,87,6.47,968,618,671,Rice
914,30.6,79,6.34,865,696,896,Rice
940,27.0,80,6.22,771,759,902,Rice
791,27.7,81,6.19,712,617,979,Rice
813,33.4,79,5.97,704,873,993,Rice
914,27.8,85,5.83,890,604,727,Rice
817,32.8,87,6.32,649,875,651,Rice
807,31.6,80,6.05,763,814,652,Rice
865,32.9,81,6.15,964,644,847,Rice
841,30.0,73,5.59,755,959,575,Rice
774,33.5,74,5.59,777,700,859,Rice
937,31.6,80,6.07,1023,1003,811,Rice
868,31.0,77,5.85,948,914,784,Rice
840,29.1,85,6.03,789,806,777,Rice
772,26.1,87,5.94,927,912,642,Rice
923,28.8,73,5.86,819,945,938,Rice
917,31.7,84,5.69,982,604,722,Rice
762,34.5,81,5.77,642,713,648,Rice
804,27.1,86,5.54,656,604,876,Rice
793,31.6,85,5.88,924,998,689,Rice
830,34.3,86,5.78,880,934,737,Rice
782,26.3,78,5.55,783,861,910,Rice
816,32.2,80,5.51,728,1005,742,Rice
929,30.2,70,5.55,786,697,771,Rice
776,26.8,82,6.0,791,915,838,Rice
792,32.9,74,6.25,655,917,889,Rice
898,29.7,74,6.02,779,802,563,Rice
932,31.1,78,6.3,793,897,515,Rice
843,33.7,80,6.07,640,996,979,Rice
780,31.5,73,6.42,969,881,781,Rice
863,34.2,77,5.6,777,961,552,Rice
935,33.8,80,5.78,648,686,741,Rice
820,34.3,72,6.4,692,753,1008,Rice
804,26.3,88,6.45,607,828,717,Rice
892,32.8,83,5.53,936,616,508,Rice
762,30.7,87,6.14,957,773,1020,Rice
843,33.3,85,6.17,887,870,735,Rice
941,29.1,89,6.12,774,613,755,Rice
827,34.0,75,5.76,805,679,698,Rice
918,34.5,78,5.57,689,997,949,Rice
910,25.3,84,5.54,757,774,835,Rice
930,26.9,81,6.03,747,875,1017,Rice
805,26.5,82,6.31,907,741,866,Rice
936,33.6,77,5.58,823,765,993,Rice
881,29.0,82,6.49,813,775,839,Rice
775,28.7,81,6.06,851,680,535,Rice
854,32.4,73,5.92,782,920,841,Rice
754,28.6,77,6.01,769,863,976,Rice
818,26.2,85,5.77,867,799,989,Rice
940,29.6,79,6.04,807,614,766,Rice
793,27.7,83,5.89,763,922,532,Rice
767,31.5,72,5.69,905,989,949,Rice
895,30.8,75,6.0,881,825,783,Rice
931,31.8,90,6.43,924,651,610,Rice
909,31.9,83,6.21,800,705,699,Rice
851,26.7,72,6.12,794,657,569,Rice
836,29.0,90,6.33,805,723,780,Rice
796,29.4,76,6.48,708,900,929,Rice
890,28.9,82,5.59,942,632,989,Rice
908,31.5,75,6.14,886,913,910,Rice
864,34.8,77,5.58,694,839,615,Rice
901,26.6,81,5.68,698,782,640,Rice
764,30.1,81,5.78,925,979,871,Rice
908,27.0,80,5.61,837,623,555,Rice
768,28.7,77,5.79,891,821,958,Rice
817,34.4,79,6.2,763,732,755,Rice
779,33.7,90,6.15,874,834,644,Rice
776,34.8,84,6.04,780,847,845,Rice
751,28.0,75,5.58,950,817,882,Rice
768,27.1,73,6.05,903,614,627,Rice
755,32.8,70,5.73,787,668,794,Rice
946,26.0,75,6.32,873,1017,1007,Rice
785,29.8,71,6.0,662,725,944,Rice
912,27.1,80,5.92,812,977,888,Rice
766,31.1,89,5.5,724,901,583,Rice
868,34.5,81,6.08,839,698,904,Rice
947,31.0,87,6.18,766,648,608,Rice
882,32.9,88,5.95,997,706,853,Rice
884,25.1,77,5.93,904,634,804,Rice
761,31.0,73,6.0,1012,777,535,Rice
823,32.6,75,6.14,721,731,1014,Rice
950,28.7,76,6.06,719,849,773,Rice
874,33.4,73,5.78,688,684,561,Rice
814,26.6,90,5.76,993,980,960,Rice
855,30.5,81,5.83,1017,863,555,Rice
761,29.4,78,6.44,887,709,696,Rice
875,34.0,84,5.54,821,966,996,Rice
872,26.5,83,6.15,889,878,1007,Rice
774,25.6,83,6.1,604,987,619,Rice
886,25.0,85,6.22,891,767,574,Rice
775,29.7,88,6.0,1000,981,570,Rice
867,30.1,81,6.46,923,681,614,Rice
779,28.2,83,5.51,888,623,655,Rice
843,28.7,73,5.95,784,607,594,Rice
885,28.0,82,6.35,644,618,744,Rice
907,30.8,70,5.58,649,970,565,Rice
810,31.3,75,6.16,922,622,543,Rice
795,27.2,85,5.55,959,818,607,Rice
877,26.4,76,6.29,873,853,651,Rice
868,33.9,82,5.68,837,802,598,Rice
788,26.2,88,5.67,1003,676,635,Rice
799,34.1,78,5.98,647,746,1018,Rice
831,30.2,70,6.08,972,837,549,Rice
812,29.5,71,5.51,807,1017,613,Rice
927,33.6,80,6.22,621,1006,878,Rice
865,33.3,80,5.95,829,737,722,Rice
886,33.2,74,6.29,610,624,614,Rice
831,28.7,72,6.48,773,706,599,Rice
804,27.8,85,5.7,922,728,967,Rice
821,29.0,82,5.81,840,729,752,Rice
860,32.4,83,5.9,723,930,918,Rice
860,30.6,86,5.71,852,715,710,Rice
787,32.7,90,5.73,768,644,695,Rice
874,30.0,76,6.37,911,959,1007,Rice
794,30.4,77,5.61,843,725,777,Rice
751,25.2,78,5.88,816,708,573,Rice
949,32.2,85,6.43,601,954,983,Rice
763,32.0,80,6.35,661,702,582,Rice
753,25.7,74,5.75,848,837,680,Rice
859,28.5,74,5.89,794,984,723,Rice
824,34.5,88,5.59,983,957,711,Rice
853,28.9,73,6.22,871,952,720,Rice
788,32.6,89,6.08,765,613,688,Rice
942,34.8,73,5.9,971,857,634,Rice
820,25.1,79,6.2,897,783,831,Rice
771,33.4,80,5.96,968,795,621,Rice
848,30.0,75,5.63,929,950,901,Rice
891,25.8,78,5.67,758,796,527,Rice
830,34.4,89,5.74,951,644,872,Rice
788,25.0,83,6.12,853,796,814,Rice
814,30.1,76,5.68,632,624,549,Rice
943,33.4,78,6.22,626,841,883,Rice
766,31.0,77,5.68,876,874,795,Rice
755,29.4,70,6.21,728,943,978,Rice
901,30.5,80,5.85,772,931,957,Rice
755,28.7,72,5.53,957,831,923,Rice
922,33.7,85,5.92,843,683,724,Rice
940,34.5,88,5.92,733,831,973,Rice
828,33.8,89,5.59,754,973,524,Rice
794,28.2,90,6.11,638,799,1021,Rice
813,29.1,72,6.47,694,932,725,Rice
767,26.2,79,6.07,723,753,908,Rice
777,31.5,79,6.03,1022,658,933,Rice
833,29.3,75,5.9,665,644,847,Rice
810,32.9,81,5.7,836,958,751,Rice
900,30.0,82,6.08,888,880,877,Rice
934,29.8,85,6.36,609,744,1003,Rice
850,29.5,78,5.81,911,701,564,Rice
827,27.9,81,6.17,893,622,820,Rice
830,30.6,80,6.03,884,719,883,Rice
906,29.6,83,6.35,841,1004,845,Rice
840,28.4,88,6.43,695,911,563,Rice
908,33.8,72,5.69,701,910,686,Rice
907,33.6,83,6.19,660,763,575,Rice
894,32.6,78,6.09,810,681,895,Rice
853,34.1,80,6.41,848,795,916,Rice
759,29.7,74,6.06,625,643,886,Rice
783,29.3,72,6.15,731,978,888,Rice
918,31.3,73,6.36,859,656,714,Rice
888,28.1,70,6.33,884,996,780,Rice
942,29.7,85,6.11,770,951,545,Rice
949,32.8,90,6.32,966,847,524,Rice
886,30.0,73,5.91,826,723,517,Rice
934,27.0,78,5.77,919,793,621,Rice
761,26.9,70,5.98,671,610,709,Rice
793,26.0,88,6.16,1010,626,569,Rice
758,29.8,90,6.2,660,1010,827,Rice
869,33.5,72,5.74,780,857,845,Rice
877,25.3,74,6.38,979,860,816,Rice
784,29.1,75,5.7,981,790,567,Rice
946,25.3,72,5.53,721,723,929,Rice
777,31.8,89,5.6,757,913,530,Rice
753,26.6,90,5.66,1010,805,843,Rice
941,34.0,75,5.66,625,932,760,Rice
857,28.4,75,5.56,800,841,969,Rice
950,27.0,87,6.04,632,610,932,Rice
851,30.3,80,6.37,774,925,556,Rice
784,27.5,87,6.45,805,1002,734,Rice
884,34.7,73,6.15,824,734,957,Rice
766,28.5,82,5.67,980,917,691,Rice
750,33.3,88,6.25,919,950,656,Rice
829,32.2,89,6.05,891,993,753,Rice
888,31.4,74,6.02,828,992,739,Rice
851,33.9,75,5.67,677,965,961,Rice
851,25.7,76,5.56,783,733,754,Rice
908,32.3,77,6.0,863,718,673,Rice
861,31.0,87,5.61,917,611,998,Rice
767,29.6,90,5.98,781,1003,550,Rice
875,28.8,88,5.81,776,930,639,Rice
760,30.4,81,5.98,892,958,608,Rice
785,27.8,89,5.73,992,809,673,Rice
924,34.9,88,6.42,895,660,831,Rice
880,29.0,81,5.95,696,889,940,Rice
821,29.6,71,5.96,645,902,678,Rice
886,34.5,82,6.4,837,708,568,Rice
859,33.1,73,6.06,770,652,923,Rice
903,27.7,79,6.36,815,1012,679,Rice
826,32.6,86,6.15,686,1022,543,Rice
817,32.4,79,5.69,708,679,986,Rice
808,32.6,78,5.54,993,766,583,Rice
822,25.5,83,6.14,897,860,864,Rice
821,32.6,80,5.97,933,982,825,Rice
890,27.0,80,5.8,935,793,798,Rice
820,30.3,89,6.49,721,931,550,Rice
876,27.9,75,5.88,793,651,650,Rice
913,31.6,87,5.94,889,673,669,Rice
948,25.3,84,5.95,837,619,610,Rice
946,28.3,78,5.71,1001,766,836,Rice
942,28.9,80,6.05,756,874,934,Rice
785,26.0,88,5.54,667,991,572,Rice
782,27.5,81,5.87,891,693,873,Rice
764,25.3,88,6.22,1017,619,864,Rice
781,33.3,90,6.11,984,786,1003,Rice
792,28.8,78,5.65,813,1010,840,Rice
784,25.8,74,6.48,670,746,705,Rice
858,29.4,86,6.16,765,807,803,Rice
861,33.6,88,5.6,904,861,598,Rice
945,30.1,70,5.51,917,708,983,Rice
902,29.0,89,6.23,794,784,816,Rice
793,30.7,88,6.11,957,630,684,Rice
775,33.5,90,5.71,853,787,690,Rice
764,29.0,86,6.03,668,676,743,Rice
788,26.6,79,5.63,727,799,881,Rice
903,31.0,70,6.07,606,682,852,Rice
856,32.4,73,6.43,736,623,999,Rice
759,33.0,73,6.19,754,824,994,Rice
817,25.4,75,6.41,690,825,846,Rice
760,33.1,74,5.56,692,938,859,Rice
900,35.0,84,5.99,937,1011,502,Rice
868,25.7,87,5.6,639,951,716,Rice
824,29.9,76,5.59,730,867,975,Rice
931,25.1,79,5.89,792,812,934,Rice
889,33.6,75,6.31,677,842,858,Rice
773,28.0,83,5.57,612,872,559,Rice
841,32.0,86,5.88,840,1001,705,Rice
946,33.4,84,6.27,946,903,632,Rice
923,26.8,79,6.18,894,856,864,Rice
837,33.8,88,6.15,1014,1007,770,Rice
828,27.2,86,5.77,948,885,549,Rice
882,33.8,79,5.88,663,784,724,Rice
836,31.6,87,6.04,837,928,822,Rice
765,31.7,90,5.66,746,861,912,Rice
801,30.5,78,5.54,689,1008,741,Rice
844,34.6,88,6.43,848,924,773,Rice
858,34.6,85,5.73,991,626,652,Rice
897,28.0,79,6.26,655,743,826,Rice
874,28.3,85,6.01,662,656,900,Rice
825,33.2,70,5.62,844,618,587,Rice
849,28.0,89,5.56,608,915,590,Rice
864,31.3,76,6.31,634,778,767,Rice
881,25.0,76,6.2,687,977,841,Rice
756,27.3,89,6.05,893,829,619,Rice
805,28.4,86,6.07,758,941,760,Rice
820,26.6,74,6.01,992,735,682,Rice
823,34.9,87,6.34,710,778,911,Rice
770,29.1,78,6.26,958,1000,765,Rice
808,27.5,84,6.47,1021,902,583,Rice
927,25.8,74,6.24,896,921,741,Rice
849,29.0,78,6.06,723,808,990,Rice
832,32.5,81,5.91,672,794,733,Rice
872,28.8,84,5.93,902,936,581,Rice
762,25.7,81,6.14,905,924,998,Rice
904,26.2,70,6.12,772,685,679,Rice
950,30.0,72,6.11,919,635,748,Rice
899,29.7,76,5.71,832,865,584,Rice
910,31.7,80,6.23,954,975,719,Rice
896,25.6,75,5.98,777,766,512,Rice
907,30.7,76,6.19,678,738,642,Rice
849,31.8,79,6.28,839,724,977,Rice
942,31.4,81,5.97,875,999,556,Rice
934,33.0,81,6.0,1002,788,960,Rice
867,28.5,75,5.63,778,837,782,Rice
767,29.4,79,5.8,656,670,888,Rice
767,31.1,82,6.4,839,941,852,Rice
812,31.3,73,6.37,666,758,1013,Rice
936,28.4,71,5.52,964,954,872,Rice
802,32.8,75,6.44,953,1014,558,Rice
814,34.4,84,6.11,611,775,780,Rice
860,27.8,84,5.82,711,899,509,Rice
858,29.9,84,5.84,1021,633,535,Rice
876,32.0,76,6.15,648,715,566,Rice
937,27.4,90,6.27,932,638,1008,Rice
869,32.2,90,5.9,738,781,595,Rice
909,32.1,70,5.83,733,624,640,Rice
936,28.0,76,5.76,686,902,637,Rice
934,33.9,80,5.51,729,670,553,Rice
792,25.9,88,5.57,1023,1000,544,Rice
918,29.3,89,6.25,1020,870,637,Rice
875,30.7,90,5.81,1004,806,754,Rice
854,34.1,84,6.14,634,923,842,Rice
763,29.5,80,6.4,768,706,683,Rice
851,32.1,78,5.71,885,934,539,Rice
754,32.7,87,6.14,1014,926,716,Rice
809,29.2,84,6.14,690,800,726,Rice
847,26.6,80,5.99,631,633,717,Rice
877,28.0,75,6.06,795,602,798,Rice
940,35.0,90,5.54,862,956,855,Rice
759,30.5,82,5.89,646,924,605,Rice
760,28.9,79,6.02,867,891,516,Rice
886,30.5,90,5.76,700,741,735,Rice
901,26.8,90,6.42,820,680,932,Rice
759,30.3,79,5.6,888,848,948,Rice
896,26.9,85,5.87,988,712,936,Rice
857,25.3,88,5.8,829,802,814,Rice
914,33.6,80,6.45,991,763,949,Rice
920,33.9,80,6.13,994,698,863,Rice
945,28.8,79,6.4,749,880,811,Rice
752,29.3,82,5.59,691,701,914,Rice
837,32.9,76,5.83,613,879,815,Rice
895,33.5,88,5.75,655,890,870,Rice
878,25.1,76,6.02,789,748,915,Rice
893,33.8,71,6.26,780,929,529,Rice
763,32.4,81,5.81,789,897,712,Rice
759,29.5,73,6.11,1002,681,979,Rice
944,34.2,75,5.69,841,701,755,Rice
825,26.2,78,6.46,695,607,883,Rice
911,29.8,80,5.79,811,705,724,Rice
861,29.1,87,6.28,703,606,606,Rice
897,30.8,86,5.68,661,694,563,Rice
900,31.3,83,6.16,920,1021,571,Rice
839,26.1,88,5.86,711,653,968,Rice
832,26.5,90,5.83,866,832,687,Rice
870,27.2,77,5.84,650,677,824,Rice
763,26.0,80,6.05,958,646,912,Rice
915,33.7,87,5.53,819,832,886,Rice
829,25.7,78,5.56,960,992,896,Rice
947,32.6,85,6.31,699,1018,838,Rice
825,26.7,88,5.58,963,674,963,Rice
914,32.1,84,5.9,1023,605,882,Rice
921,30.2,73,5.89,788,798,523,Rice
848,34.8,78,5.83,772,797,514,Rice
892,33.7,81,6.02,794,839,955,Rice
790,25.5,84,6.23,845,820,956,Rice
859,27.6,71,6.22,637,721,600,Rice
800,30.6,73,6.39,913,760,917,Rice
883,26.0,76,5.72,620,721,751,Rice
825,33.2,71,6.42,679,853,724,Rice
901,33.4,72,6.5,966,710,995,Rice
907,29.2,84,6.18,797,829,843,Rice
823,27.4,70,5.64,858,787,502,Rice
834,27.0,79,6.35,688,896,623,Rice
948,33.1,84,5.87,930,756,830,Rice
901,33.3,73,5.6,761,995,882,Rice
786,31.0,85,6.29,698,915,968,Rice
909,26.4,88,5.52,635,773,734,Rice
772,31.5,78,5.65,680,970,613,Rice
910,32.0,82,6.28,612,957,683,Rice
879,25.2,80,5.93,674,917,738,Rice
796,25.7,85,5.78,745,1002,992,Rice
948,27.3,87,6.03,640,1010,805,Rice
949,25.7,82,6.04,904,973,993,Rice
778,33.2,89,6.4,818,952,860,Rice
855,27.4,71,5.9,909,631,699,Rice
884,27.6,75,6.43,679,645,569,Rice
755,32.0,80,6.39,682,749,744,Rice
754,26.0,86,5.66,711,629,757,Rice
865,29.5,82,5.78,740,698,811,Rice
780,31.7,90,5.57,927,899,662,Rice
933,31.0,89,5.78,752,912,796,Rice
768,30.6,84,5.9,848,667,952,Rice
859,25.7,71,5.6,995,822,683,Rice
836,31.8,71,5.92,777,915,583,Rice
919,27.4,76,5.55,978,702,1023,Rice
818,27.4,73,5.66,857,856,577,Rice
831,25.7,73,5.67,655,789,612,Rice
939,34.2,73,5.66,795,901,530,Rice
841,28.9,84,6.49,771,629,696,Rice
859,32.1,90,5.57,663,815,582,Rice
507,28.8,54,6.79,707,236,201,Maize
597,26.5,67,6.41,812,259,365,Maize
686,25.8,55,6.66,902,21,109,Maize
579,26.1,52,6.48,1019,42,251,Maize
631,21.0,67,6.03,905,383,254,Maize
598,22.4,53,5.87,792,13,343,Maize
700,29.0,68,6.67,744,27,289,Maize
533,28.5,68,6.72,888,316,328,Maize
589,25.2,55,6.46,839,133,77,Maize
536,24.7,64,6.96,760,59,143,Maize
652,21.9,68,5.86,764,399,119,Maize
596,20.7,65,6.33,969,251,13,Maize
647,22.8,66,6.6,716,392,330,Maize
619,23.2,56,6.06,962,95,40,Maize
500,28.8,55,6.08,1003,226,54,Maize
581,21.5,58,6.75,969,28,103,Maize
526,24.7,53,6.08,782,67,317,Maize
695,27.9,59,5.9,781,90,162,Maize
695,24.3,64,5.95,725,275,37,Maize
645,25.9,66,6.92,976,61,231,Maize
521,22.2,69,6.77,910,388,61,Maize
643,24.9,68,6.26,761,54,27,Maize
634,29.3,60,6.64,866,173,170,Maize
591,21.9,61,5.8,857,151,171,Maize
524,27.8,69,6.57,849,48,281,Maize
553,22.2,65,6.17,752,338,57,Maize
626,25.8,56,6.1,1012,211,373,Maize
695,26.2,56,6.39,778,47,278,Maize
673,28.4,60,6.56,967,349,232,Maize
616,23.8,52,6.27,778,27,241,Maize
513,20.7,66,6.16,968,48,370,Maize
653,23.1,63,6.81,880,243,255,Maize
607,27.7,70,6.99,908,81,224,Maize
538,29.3,63,6.62,1018,169,93,Maize
662,23.6,60,6.23,858,73,359,Maize
572,23.6,54,5.83,881,231,240,Maize
557,27.4,66,5.94,701,346,199,Maize
648,27.8,54,5.82,728,236,389,Maize
619,23.9,52,6.21,840,212,217,Maize
684,23.5,68,6.77,867,364,252,Maize
587,29.7,58,6.94,874,56,348,Maize
687,26.0,50,6.1,793,137,246,Maize
573,28.7,60,6.54,703,190,392,Maize
540,26.5,65,6.72,994,352,208,Maize
608,24.0,60,6.13,852,398,338,Maize
541,24.2,53,6.49,936,256,164,Maize
586,23.5,70,6.57,853,107,80,Maize
657,30.0,70,6.29,1021,274,319,Maize
599,23.0,55,7.0,717,397,252,Maize
561,20.4,50,6.38,755,40,36,Maize
551,25.9,55,6.35,897,20,249,Maize
612,20.4,54,6.82,795,312,224,Maize
651,27.0,51,6.34,908,78,217,Maize
564,28.9,53,6.0,755,96,224,Maize
653,24.9,54,5.85,902,294,377,Maize
666,21.5,67,5.95,809,350,279,Maize
521,25.1,68,5.92,844,116,278,Maize
549,21.4,50,6.34,914,307,275,Maize
551,20.3,60,6.36,841,312,265,Maize
552,25.2,66,6.87,754,287,381,Maize
572,26.0,51,6.58,808,322,85,Maize
550,26.6,56,6.52,965,136,281,Maize
621,24.0,61,6.49,714,185,368,Maize
506,27.1,56,6.3,746,136,298,Maize
629,25.5,70,6.95,709,286,252,Maize
627,20.7,69,6.57,760,145,2,Maize
565,21.3,52,6.58,815,194,24,Maize
688,28.0,53,6.92,742,188,288,Maize
551,28.9,69,6.83,739,395,178,Maize
640,22.9,51,6.38,963,176,236,Maize
556,29.8,67,6.52,803,131,338,Maize
642,21.0,62,6.57,861,96,372,Maize
651,22.5,70,6.12,744,276,115,Maize
539,27.4,66,5.82,809,295,13,Maize
673,27.2,66,6.5,998,264,68,Maize
655,24.2,58,6.43,748,248,153,Maize
700,22.8,55,6.36,737,254,53,Maize
687,21.9,53,6.44,805,196,332,Maize
522,26.0,54,6.04,710,153,300,Maize
669,24.0,60,6.19,903,49,371,Maize
613,26.1,60,5.92,967,321,47,Maize
579,28.9,56,6.34,866,6,308,Maize
621,26.5,68,6.59,819,215,254,Maize
581,20.4,51,6.78,711,113,353,Maize
535,29.1,50,6.3,993,284,362,Maize
678,20.5,69,6.15,845,307,154,Maize
653,29.6,67,6.37,988,222,50,Maize
578,23.5,69,6.26,743,215,58,Maize
503,24.3,63,6.11,925,344,370,Maize
623,23.9,51,6.64,917,152,272,Maize
585,24.7,64,6.45,851,90,74,Maize
638,28.9,63,6.35,870,127,207,Maize
632,27.4,66,5.92,807,359,240,Maize
644,24.7,66,6.1,881,35,354,Maize
506,22.8,68,6.52,725,249,300,Maize
572,20.2,62,6.64,735,10,167,Maize
564,23.2,67,5.97,873,88,375,Maize
598,22.7,50,6.59,802,16,88,Maize
582,28.8,70,6.12,728,104,382,Maize
695,29.3,62,5.95,735,12,391,Maize
500,27.5,65,6.16,817,179,136,Maize
516,25.2,50,6.73,857,112,238,Maize
616,25.1,51,6.87,884,389,329,Maize
603,25.9,52,6.63,1017,151,154,Maize
670,26.6,67,7.0,981,352,256,Maize
606,20.8,65,5.82,949,233,193,Maize
505,20.0,59,6.64,840,208,154,Maize
670,24.7,59,6.3,819,143,94,Maize
502,20.0,56,6.04,779,321,94,Maize
528,28.9,59,6.14,801,191,328,Maize
543,24.4,62,6.25,901,235,130,Maize
685,22.8,69,6.27,999,21,164,Maize
630,22.9,53,6.45,842,363,287,Maize
604,21.0,68,6.17,850,283,75,Maize
589,22.8,61,6.17,794,263,192,Maize
685,23.4,59,6.6,709,307,151,Maize
688,29.3,67,6.17,824,124,233,Maize
639,29.6,62,6.41,916,283,23,Maize
544,27.1,68,6.78,929,96,167,Maize
637,26.1,55,6.79,982,162,387,Maize
688,25.4,61,5.86,719,236,107,Maize
627,22.6,56,6.73,951,354,59,Maize
581,23.6,60,6.26,902,229,258,Maize
517,28.4,50,6.7,749,12,149,Maize
652,28.8,62,6.17,847,294,149,Maize
616,29.3,67,6.61,863,313,222,Maize
587,24.2,52,6.15,859,180,71,Maize
692,28.1,69,6.47,779,106,51,Maize
636,26.8,61,6.89,900,189,170,Maize
565,25.7,53,5.9,713,95,130,Maize
604,27.2,52,6.71,930,9,296,Maize
695,21.8,56,5.93,981,15,199,Maize
517,28.7,57,6.12,729,341,334,Maize
538,21.3,62,6.29,901,38,95,Maize
669,21.3,61,6.41,723,361,264,Maize
565,29.4,67,6.43,983,364,348,Maize
534,28.9,65,6.06,973,295,90,Maize
667,23.2,55,5.88,985,180,261,Maize
558,23.8,64,6.01,883,52,256,Maize
557,21.3,67,6.07,898,139,152,Maize
700,28.3,51,6.78,815,90,362,Maize
632,26.9,61,6.94,741,107,31,Maize
603,30.0,66,6.61,848,71,298,Maize
613,23.2,60,6.17,1011,54,111,Maize
635,22.0,50,6.4,804,214,333,Maize
694,28.0,55,6.65,796,287,359,Maize
698,26.0,54,6.49,796,142,236,Maize
566,28.9,61,5.94,803,358,35,Maize
538,24.2,70,6.78,737,269,332,Maize
644,23.9,60,6.79,946,259,22,Maize
650,25.6,52,6.46,802,325,42,Maize
539,25.0,62,6.98,874,258,352,Maize
643,28.3,50,6.39,835,280,170,Maize
521,20.5,64,6.79,759,244,113,Maize
660,28.3,55,6.51,757,286,50,Maize
538,23.8,52,6.64,834,246,366,Maize
640,20.1,62,5.97,932,256,360,Maize
582,26.8,54,6.29,863,88,326,Maize
580,21.3,53,6.52,966,379,266,Maize
634,25.9,67,6.71,854,115,336,Maize
602,25.9,68,6.6,965,55,200,Maize
681,29.8,69,6.98,859,11,64,Maize
596,21.5,52,6.1,981,68,60,Maize
554,28.6,69,5.96,982,297,187,Maize
676,26.6,52,6.52,798,395,175,Maize
611,22.4,60,6.34,883,77,88,Maize
592,29.5,65,6.86,833,222,281,Maize
549,29.5,57,6.66,900,14,201,Maize
633,29.9,55,6.7,890,320,279,Maize
665,23.8,57,6.39,772,323,95,Maize
640,22.0,66,6.22,848,287,75,Maize
510,25.9,52,6.3,790,24,348,Maize
605,20.7,62,6.01,991,83,179,Maize
622,24.4,51,6.67,807,121,205,Maize
574,22.5,59,6.67,1010,52,136,Maize
530,20.4,61,6.83,891,81,162,Maize
607,21.0,69,6.38,809,13,126,Maize
507,27.4,57,6.99,965,13,256,Maize
665,29.5,52,6.37,786,221,47,Maize
540,28.5,52,6.8,889,156,2,Maize
618,28.9,69,5.81,798,140,287,Maize
648,22.9,52,6.97,913,16,97,Maize
562,28.7,67,6.39,998,361,92,Maize
583,21.0,51,6.8,896,138,199,Maize
544,24.0,65,6.74,820,103,153,Maize
590,25.1,69,6.89,735,263,228,Maize
601,25.1,61,6.44,985,170,98,Maize
653,24.5,69,6.82,708,360,159,Maize
658,29.9,55,6.51,855,162,81,Maize
569,22.7,62,6.21,978,61,171,Maize
625,23.3,65,6.45,1006,213,206,Maize
503,26.9,68,6.26,764,124,157,Maize
618,28.6,69,6.64,725,68,251,Maize
500,22.0,68,6.16,868,318,32,Maize
507,24.8,64,6.64,924,110,388,Maize
565,24.4,51,6.92,941,294,252,Maize
514,28.6,62,6.42,809,324,90,Maize
656,22.1,51,6.97,924,49,257,Maize
599,27.2,53,6.43,873,262,35,Maize
542,21.9,62,5.91,726,302,194,Maize
584,27.3,66,6.3,846,85,261,Maize
552,25.3,57,5.86,776,398,195,Maize
662,21.4,56,6.2,926,202,242,Maize
610,21.2,50,6.13,881,61,373,Maize
578,28.8,60,6.55,843,397,183,Maize
510,29.3,59,6.83,809,244,22,Maize
611,23.2,67,6.36,720,361,281,Maize
648,21.4,53,5.87,1007,108,166,Maize
662,22.5,62,6.34,771,315,307,Maize
570,25.3,57,6.69,741,27,337,Maize
547,29.1,55,6.57,788,230,157,Maize
538,25.5,62,6.76,813,295,163,Maize
597,26.3,67,6.1,911,238,191,Maize
697,28.9,68,6.5,792,333,195,Maize
623,23.8,50,6.96,745,255,232,Maize
503,27.6,64,6.92,916,318,313,Maize
531,23.7,56,6.98,990,277,343,Maize
522,29.9,53,5.82,961,221,271,Maize
682,29.1,69,6.93,997,339,89,Maize
557,24.0,55,5.92,897,16,122,Maize
672,22.0,57,6.53,977,337,240,Maize
564,21.9,59,6.88,842,117,271,Maize
532,24.0,70,5.84,851,250,223,Maize
618,25.6,66,6.92,909,345,347,Maize
683,28.7,54,6.07,846,380,383,Maize
552,24.8,62,6.06,804,140,199,Maize
660,28.7,64,6.31,987,2,344,Maize
639,27.6,58,6.48,985,157,275,Maize
601,21.0,53,6.05,1015,59,345,Maize
556,22.4,52,6.99,929,195,391,Maize
551,27.9,55,6.11,739,9,18,Maize
621,23.1,64,6.11,843,9,163,Maize
634,27.5,63,6.29,724,95,292,Maize
512,28.2,57,6.06,930,287,282,Maize
661,21.7,69,6.57,876,292,20,Maize
554,26.2,66,6.85,854,335,127,Maize
555,27.2,58,6.89,740,159,52,Maize
581,26.8,65,6.37,925,190,155,Maize
675,26.7,64,5.89,941,124,133,Maize
616,29.8,65,6.24,865,375,393,Maize
578,28.7,52,5.89,770,89,243,Maize
584,23.5,63,6.09,864,61,114,Maize
542,27.0,70,6.97,745,73,318,Maize
686,24.6,58,6.88,837,150,84,Maize
694,20.3,58,6.18,885,198,140,Maize
568,22.7,61,6.21,999,260,197,Maize
505,22.0,52,5.84,785,90,30,Maize
613,26.6,67,5.89,838,242,341,Maize
646,29.5,54,6.66,707,28,192,Maize
620,25.5,52,6.33,991,286,127,Maize
503,29.2,70,5.9,929,13,322,Maize
541,26.0,52,5.96,1022,181,307,Maize
589,26.0,55,6.43,816,317,96,Maize
677,22.9,68,6.46,991,383,58,Maize
610,22.2,51,6.54,727,95,72,Maize
535,27.3,60,6.81,890,51,168,Maize
556,21.3,59,6.17,967,143,316,Maize
608,22.0,59,6.24,759,163,11,Maize
616,26.5,52,6.96,860,384,130,Maize
604,26.6,55,6.37,972,76,107,Maize
637,26.7,58,6.44,841,91,250,Maize
658,26.6,50,5.8,792,330,290,Maize
521,20.9,65,6.68,993,227,301,Maize
631,22.4,57,6.62,849,68,356,Maize
683,27.2,69,5.99,700,267,369,Maize
503,27.3,52,6.12,1007,302,90,Maize
520,24.6,62,6.83,717,127,14,Maize
527,22.7,56,6.98,843,195,337,Maize
557,23.6,67,6.95,950,358,307,Maize
557,26.6,63,5.94,711,146,278,Maize
513,25.2,61,6.77,998,347,55,Maize
521,22.4,56,6.29,730,293,296,Maize
564,22.0,65,6.47,748,142,25,Maize
620,20.3,50,6.61,880,329,93,Maize
521,25.7,63,6.06,840,304,95,Maize
648,22.7,63,6.52,869,262,89,Maize
601,23.6,65,6.77,705,342,64,Maize
595,25.7,64,5.92,801,239,305,Maize
535,22.0,67,6.17,1021,81,139,Maize
622,25.2,68,6.16,966,38,293,Maize
570,21.5,59,5.94,941,128,337,Maize
552,22.2,66,6.54,1006,223,212,Maize
618,22.0,55,6.01,938,101,71,Maize
608,26.3,51,6.54,882,167,396,Maize
512,23.2,67,5.95,928,50,10,Maize
508,29.1,55,7.0,755,66,328,Maize
514,24.1,50,6.67,866,237,264,Maize
580,22.7,54,6.45,891,93,268,Maize
631,26.2,65,6.04,908,1,294,Maize
617,23.3,58,6.83,786,241,5,Maize
691,25.8,64,6.31,933,354,61,Maize
693,26.8,59,6.98,788,190,230,Maize
507,20.4,65,6.43,973,49,223,Maize
540,20.8,57,6.98,926,192,223,Maize
629,28.9,51,6.53,969,114,238,Maize
594,25.2,65,5.98,748,361,382,Maize
602,28.2,58,6.37,815,236,372,Maize
626,26.0,55,6.53,879,166,324,Maize
612,20.5,61,6.39,784,321,373,Maize
631,25.7,70,5.89,988,259,398,Maize
570,24.0,62,6.3,714,155,18,Maize
685,27.3,70,5.83,781,283,343,Maize
522,21.0,62,6.36,1011,27,132,Maize
615,27.7,67,6.34,787,352,62,Maize
621,23.7,69,6.88,915,42,98,Maize
542,28.2,59,6.37,720,271,153,Maize
559,20.2,55,6.76,1013,387,277,Maize
615,25.8,62,6.52,709,391,301,Maize
632,21.8,68,6.0,824,222,113,Maize
697,26.0,50,6.66,989,24,317,Maize
593,20.6,50,6.46,938,386,297,Maize
574,27.8,66,6.95,784,72,157,Maize
502,29.6,52,6.03,848,251,151,Maize
532,21.9,54,6.06,833,133,183,Maize
566,20.2,63,6.16,732,2,260,Maize
503,26.6,67,6.41,989,14,386,Maize
510,28.2,60,6.02,926,287,348,Maize
682,24.1,52,6.94,935,361,122,Maize
570,21.2,57,6.34,860,220,153,Maize
612,28.1,69,5.81,806,59,272,Maize
629,23.6,63,6.67,910,84,179,Maize
687,28.1,61,6.85,978,25,90,Maize
530,28.4,58,6.7,762,344,22,Maize
634,28.6,53,6.65,710,26,264,Maize
512,26.0,66,6.35,877,25,371,Maize
569,28.1,63,6.46,884,205,41,Maize
666,29.9,57,6.59,991,347,127,Maize
624,20.4,60,6.34,758,275,354,Maize
619,26.9,59,6.28,758,356,290,Maize
579,22.2,62,6.12,826,94,282,Maize
500,23.0,53,6.98,882,42,350,Maize
539,25.7,52,6.74,908,139,12,Maize
632,28.8,55,6.38,850,174,91,Maize
682,23.7,58,6.04,895,201,36,Maize
532,28.2,68,6.33,795,197,338,Maize
609,27.4,55,6.59,789,49,180,Maize
546,25.4,67,6.85,934,92,126,Maize
677,22.4,52,5.93,914,82,285,Maize
531,26.5,67,6.27,772,32,271,Maize
565,22.5,64,6.42,758,175,277,Maize
598,20.0,69,6.05,979,370,217,Maize
509,21.3,66,5.91,976,192,306,Maize
652,24.8,60,6.99,949,249,130,Maize
588,21.8,62,6.28,810,124,104,Maize
524,26.8,57,6.28,1012,389,42,Maize
636,27.5,54,6.13,812,264,81,Maize
573,27.4,64,6.46,881,160,148,Maize
654,29.5,51,6.69,974,193,69,Maize
700,24.3,66,6.83,756,150,289,Maize
673,27.0,66,6.58,1019,373,72,Maize
655,26.2,68,6.89,891,186,312,Maize
635,26.0,52,6.57,959,363,103,Maize
508,23.2,65,6.74,725,314,65,Maize
548,29.3,70,6.63,873,67,220,Maize
625,27.0,51,6.96,799,225,47,Maize
671,24.0,70,6.97,926,322,81,Maize
537,20.6,67,6.44,751,35,96,Maize
658,28.9,62,6.52,741,303,22,Maize
506,27.1,56,5.86,998,163,121,Maize
678,29.1,50,5.93,887,19,97,Maize
635,28.0,54,6.59,843,196,232,Maize
572,27.5,58,6.84,752,340,218,Maize
587,28.4,70,6.5,968,292,216,Maize
510,20.5,66,6.93,977,93,194,Maize
573,27.8,70,6.54,738,310,285,Maize
685,26.1,50,6.18,986,310,397,Maize
659,29.8,66,6.53,788,295,109,Maize
623,26.8,54,6.12,849,246,84,Maize
511,21.5,58,6.26,880,122,360,Maize
542,25.3,51,6.71,784,385,130,Maize
565,22.8,56,6.96,776,165,367,Maize
627,23.7,58,6.84,737,274,237,Maize
660,23.2,69,6.43,894,268,12,Maize
524,20.3,62,5.93,1013,178,63,Maize
579,27.8,57,6.29,788,99,159,Maize
663,21.8,69,6.49,776,226,165,Maize
515,25.3,58,6.42,931,228,266,Maize
615,21.0,52,6.53,726,374,262,Maize
684,25.0,70,6.73,767,334,177,Maize
669,24.8,67,6.31,1014,201,346,Maize
634,26.2,60,6.57,849,254,318,Maize
503,27.2,51,6.57,833,375,342,Maize
652,29.8,69,5.95,782,143,392,Maize
639,21.4,65,6.96,876,243,389,Maize
610,24.5,53,6.31,839,167,77,Maize
569,24.0,53,6.59,947,326,199,Maize
519,28.4,67,5.84,1012,47,181,Maize
504,28.1,50,6.81,1005,262,230,Maize
550,22.3,65,5.93,875,61,37,Maize
562,20.6,57,6.57,834,78,106,Maize
672,28.8,70,6.87,898,397,166,Maize
676,21.9,52,6.88,787,7,4,Maize
522,26.9,65,6.75,720,141,146,Maize
639,25.5,52,6.47,995,349,37,Maize
521,20.2,61,6.49,968,295,131,Maize
692,28.1,54,6.36,738,353,387,Maize
502,21.3,58,6.4,782,335,205,Maize
642,23.6,60,6.46,900,43,106,Maize
647,25.5,59,6.66,705,293,171,Maize
631,23.2,61,6.59,948,281,111,Maize
573,22.6,58,6.75,798,21,177,Maize
672,27.7,53,6.77,945,169,70,Maize
518,22.7,64,6.56,729,363,153,Maize
635,26.0,63,6.5,952,24,27,Maize
589,28.3,64,6.77,971,270,187,Maize
578,25.3,53,6.61,958,335,22,Maize
509,21.4,60,6.07,937,373,212,Maize
558,27.9,61,6.97,987,274,265,Maize
673,25.2,67,6.74,777,291,199,Maize
552,29.6,70,6.25,751,293,129,Maize
689,29.0,56,6.33,848,56,395,Maize
608,21.7,50,6.99,1005,55,65,Maize
652,23.6,57,6.13,767,131,330,Maize
557,29.3,57,6.1,968,322,274,Maize
501,26.9,68,6.17,821,210,386,Maize
526,24.4,63,6.83,1013,37,362,Maize
661,24.1,56,6.19,989,177,332,Maize
680,23.6,64,6.26,951,185,296,Maize
553,20.4,66,6.89,747,144,364,Maize
623,23.8,64,6.05,825,64,6,Maize
679,23.4,54,6.55,739,228,190,Maize
537,28.8,62,6.95,742,65,232,Maize
614,27.9,57,6.12,975,315,23,Maize
602,20.3,59,6.67,930,44,24,Maize
663,26.1,69,6.15,954,344,111,Maize
634,20.6,55,6.04,932,316,83,Maize
501,25.2,59,6.05,918,399,289,Maize
525,23.2,50,5.91,735,46,136,Maize
573,28.9,66,6.9,946,78,82,Maize
551,20.9,50,6.71,851,287,380,Maize
511,20.9,56,6.84,735,335,362,Maize
647,20.9,59,6.7,845,238,253,Maize
598,28.3,60,6.52,703,203,99,Maize
643,27.2,59,6.1,817,334,155,Maize
625,24.8,50,6.7,800,105,261,Maize
519,21.0,52,5.84,712,49,167,Maize
622,20.0,70,6.99,742,397,90,Maize
607,22.7,66,6.44,832,55,396,Maize
587,23.1,66,6.82,832,337,112,Maize
538,21.5,58,6.71,816,223,170,Maize
603,28.5,70,6.37,749,214,225,Maize
516,23.3,60,6.53,884,74,182,Maize
672,20.4,60,6.41,966,79,242,Maize
535,25.2,66,6.39,744,246,23,Maize
651,29.5,60,6.6,986,47,142,Maize
651,22.7,69,6.03,806,184,277,Maize
551,27.2,56,6.13,757,220,119,Maize
533,27.0,53,6.54,822,72,209,Maize
505,24.1,55,5.82,840,112,139,Maize
666,26.4,54,5.82,760,191,196,Maize
647,20.4,62,6.73,713,53,378,Maize
530,24.6,66,6.7,710,185,269,Maize
552,23.9,56,6.95,727,46,109,Maize
686,26.8,55,6.09,855,4,193,Maize
642,29.5,63,6.22,703,323,2,Maize
624,20.1,65,6.5,833,211,132,Maize
631,22.1,62,6.63,847,291,29,Maize
513,21.1,53,6.62,949,14,34,Maize
565,26.4,60,5.83,875,388,51,Maize
686,29.4,65,5.81,760,222,218,Maize
620,26.8,63,6.96,968,362,216,Maize
518,29.1,52,6.13,1009,326,115,Maize
627,23.1,51,6.94,935,388,112,Maize
539,20.9,68,7.0,906,48,143,Maize
630,24.2,64,6.74,961,27,250,Maize
658,23.5,56,6.18,740,161,74,Maize
677,28.3,61,6.65,738,352,226,Maize
528,25.4,70,6.46,716,322,336,Maize
528,26.5,61,5.99,870,163,308,Maize
523,27.8,59,6.89,895,105,78,Maize
527,27.5,63,5.87,1000,293,70,Maize
596,21.5,51,6.55,815,59,53,Maize
653,22.7,56,6.35,872,8,284,Maize
562,20.3,63,6.57,915,150,295,Maize
692,23.8,51,6.59,845,275,278,Maize
534,29.9,64,5.83,705,204,300,Maize
604,24.3,58,6.93,833,187,64,Maize
674,25.5,62,6.99,773,190,191,Maize
556,24.8,66,6.02,998,328,176,Maize
577,29.7,62,6.5,983,192,293,Maize
536,27.0,64,6.45,763,265,106,Maize
677,21.2,61,6.0,1014,94,335,Maize
556,25.9,65,6.37,807,105,189,Maize
565,21.9,69,5.84,899,298,345,Maize
574,25.0,51,6.53,933,389,286,Maize
686,24.7,54,6.78,871,265,15,Maize
523,24.9,66,6.94,975,128,274,Maize
664,28.4,63,5.81,835,77,388,Maize
658,23.3,55,6.78,884,254,134,Maize
528,21.9,63,6.56,792,217,248,Maize
548,22.4,68,6.02,712,133,277,Maize
692,21.9,55,6.8,985,336,46,Maize
621,25.7,52,6.37,1013,301,358,Maize
620,25.2,50,6.17,712,171,337,Maize
598,25.1,56,5.96,859,296,310,Maize
612,23.8,51,6.82,930,223,12,Maize
575,20.5,60,6.83,1003,298,338,Maize
694,20.1,52,5.9,909,270,146,Maize
638,28.3,55,6.3,973,330,44,Maize
590,26.3,63,6.53,963,223,179,Maize
600,23.2,53,5.91,779,146,135,Maize
565,22.7,70,6.84,988,393,197,Maize
608,20.8,59,6.63,766,28,331,Maize
576,27.3,66,6.45,1004,285,121,Maize
542,22.4,52,6.25,854,141,212,Maize
635,24.2,58,6.77,923,80,83,Maize
556,27.9,51,6.0,875,232,347,Maize
584,20.2,63,6.56,700,85,124,Maize
659,23.5,66,6.09,747,367,33,Maize
615,27.6,53,5.84,934,157,395,Maize
558,21.9,69,6.62,977,35,142,Maize
509,22.4,67,6.54,862,299,119,Maize
668,21.2,59,6.5,867,78,62,Maize
683,24.2,57,6.15,777,230,347,Maize
592,20.3,65,6.88,798,347,8,Maize
522,29.8,50,6.6,741,295,112,Maize
689,29.3,59,6.89,952,143,266,Maize
670,20.0,55,6.81,760,26,295,Maize
674,22.4,51,6.57,792,302,98,Maize
565,25.2,68,6.86,769,283,215,Maize
608,21.3,64,5.86,1000,353,345,Maize
612,21.3,56,6.62,889,288,350,Maize
662,21.8,63,6.7,952,373,59,Maize
663,25.2,63,6.8,860,66,161,Maize
636,29.3,66,6.51,805,179,155,Maize
671,29.2,69,6.92,896,331,385,Maize
574,23.9,63,6.78,825,90,203,Maize
513,27.9,52,6.72,890,195,6,Maize
528,26.8,55,6.17,863,242,191,Maize
661,28.1,66,5.92,710,5,121,Maize
694,24.2,70,6.22,972,167,385,Maize
700,25.8,59,6.29,1011,296,323,Maize
605,29.2,59,6.97,879,219,76,Maize
687,26.9,53,6.1,889,279,206,Maize
660,20.2,64,6.23,857,60,34,Maize
653,29.0,54,6.44,749,300,85,Maize
614,20.5,55,6.48,909,261,296,Maize
654,20.1,69,5.98,762,342,223,Maize
505,27.2,70,6.16,846,75,109,Maize
631,20.1,70,6.8,981,94,301,Maize
546,24.5,51,6.13,974,253,58,Maize
597,23.0,63,6.32,801,228,10,Maize
635,26.1,62,5.9,930,117,341,Maize
657,25.4,60,6.19,975,168,72,Maize
641,21.1,58,6.83,792,10,43,Maize
584,20.5,65,6.67,1010,314,380,Maize
678,26.1,53,6.52,978,396,81,Maize
662,25.9,62,5.95,888,268,32,Maize
636,24.4,54,5.86,1007,97,165,Maize
657,24.2,64,6.6,716,187,24,Maize
690,29.3,63,5.95,830,376,180,Maize
533,26.7,58,6.27,865,289,322,Maize
624,26.9,59,6.12,1011,161,203,Maize
602,23.5,67,6.91,960,141,45,Maize
518,28.3,60,6.65,982,190,208,Maize
636,26.8,57,6.8,702,10,88,Maize
531,22.2,63,6.96,972,321,63,Maize
523,29.0,55,6.35,974,231,322,Maize
532,22.2,54,6.55,845,311,229,Maize
604,29.6,62,6.43,914,160,315,Maize
665,21.4,59,6.03,839,289,39,Maize
643,23.8,63,6.35,802,296,365,Maize
631,29.3,62,6.92,802,337,239,Maize
697,24.3,68,6.06,826,147,180,Maize
666,24.6,53,6.91,834,237,232,Maize
604,29.5,62,6.9,875,341,179,Maize
507,27.7,68,6.77,778,40,199,Maize
598,28.5,51,5.86,792,305,221,Maize
685,22.5,53,6.42,810,34,51,Maize
640,24.6,66,6.61,878,76,351,Maize
593,27.5,70,6.71,903,378,5,Maize
611,21.8,59,6.6,1019,60,362,Maize
620,20.5,63,5.89,876,32,253,Maize
537,27.1,59,5.89,960,370,257,Maize
625,27.7,65,6.16,782,66,249,Maize
675,23.9,57,6.25,717,333,216,Maize
585,26.0,58,6.7,746,140,40,Maize
636,26.0,60,6.44,872,270,248,Maize
679,27.9,53,6.47,773,51,215,Maize
635,22.3,70,6.58,947,56,160,Maize
662,28.2,56,6.18,848,170,232,Maize
693,21.2,56,6.4,883,294,245,Maize
531,20.7,52,6.58,792,47,286,Maize
514,27.1,53,6.29,871,0,111,Maize
508,28.0,67,6.17,910,190,66,Maize
588,28.1,68,5.81,827,354,199,Maize
533,23.2,53,6.23,955,49,343,Maize
594,28.8,55,6.23,942,33,173,Maize
653,21.0,60,6.42,936,221,356,Maize
566,21.4,50,6.27,981,106,329,Maize
519,24.5,56,6.66,965,256,138,Maize
579,23.1,65,6.37,703,131,178,Maize
671,29.0,50,6.33,722,101,223,Maize
671,21.1,53,6.09,866,90,186,Maize
576,27.4,67,6.38,982,79,51,Maize
639,20.9,53,5.9,955,51,96,Maize
566,21.6,51,5.87,712,111,229,Maize
653,23.6,64,6.18,937,274,392,Maize
609,21.2,50,6.56,924,89,289,Maize
597,28.8,65,5.9,797,145,233,Maize
540,26.3,63,5.84,743,20,199,Maize
629,26.3,57,7.0,716,245,337,Maize
504,26.0,59,6.52,988,99,140,Maize
665,23.0,50,5.97,894,77,312,Maize
530,20.3,65,6.62,877,351,243,Maize
651,26.5,56,5.89,840,296,54,Maize
654,29.3,51,5.93,973,140,303,Maize
549,21.7,52,6.04,792,174,170,Maize
503,22.1,58,6.59,976,174,349,Maize
575,20.7,67,6.69,801,139,342,Maize
670,25.4,63,6.8,820,334,195,Maize
637,26.6,64,6.23,704,320,328,Maize
538,20.7,54,6.08,950,361,189,Maize
647,26.6,53,6.4,925,92,390,Maize
661,27.5,70,6.39,919,147,278,Maize
597,23.6,63,7.0,898,66,167,Maize
535,27.4,62,6.13,852,389,196,Maize
672,25.6,53,5.83,795,218,128,Maize
510,26.2,67,6.38,951,85,278,Maize
537,25.0,58,6.79,807,93,244,Maize
652,26.1,50,5.9,984,101,379,Maize
551,23.4,67,6.71,842,187,175,Maize
524,30.0,64,6.6,751,36,173,Maize
576,24.5,64,6.28,938,257,133,Maize
520,22.5,70,6.88,979,0,154,Maize
581,28.7,55,6.96,781,39,299,Maize
506,26.2,68,6.26,756,390,215,Maize
525,23.9,70,6.41,925,301,166,Maize
653,25.7,69,6.29,869,253,195,Maize
653,25.4,55,6.52,1022,205,63,Maize
574,27.3,68,6.75,701,151,233,Maize
696,25.0,63,6.44,719,65,93,Maize
659,27.6,53,6.87,816,339,111,Maize
639,23.1,52,6.95,882,362,101,Maize
538,25.8,55,6.63,992,354,139,Maize
597,21.1,54,5.86,809,250,276,Maize
533,26.7,67,6.01,706,37,140,Maize
650,20.2,70,6.28,955,50,219,Maize
597,24.0,50,6.77,914,216,190,Maize
600,20.9,57,6.57,938,331,394,Maize
570,30.0,54,6.89,1017,271,14,Maize
637,22.6,66,6.45,860,166,280,Maize
540,28.3,70,6.17,903,99,92,Maize
532,20.3,56,5.94,918,215,12,Maize
553,28.7,50,6.1,778,333,144,Maize
627,29.8,55,6.64,992,349,43,Maize
610,21.0,69,5.81,811,43,25,Maize
513,23.8,59,6.09,1019,9,57,Maize
684,26.8,59,5.8,776,208,351,Maize
622,25.8,52,6.84,712,163,215,Maize
639,27.0,57,6.07,807,306,141,Maize
575,24.3,54,6.82,912,170,134,Maize
550,25.0,61,6.33,756,40,8,Maize
562,28.9,64,6.73,704,217,306,Maize
534,22.2,68,6.72,921,351,180,Maize
586,29.7,60,6.46,746,145,275,Maize
585,27.1,54,6.91,886,90,133,Maize
689,22.7,66,6.19,774,360,291,Maize
558,20.3,52,5.95,786,154,105,Maize
590,22.9,51,6.37,1013,97,87,Maize
617,24.6,52,6.09,964,168,288,Maize
579,21.2,57,6.34,987,54,235,Maize
621,26.9,68,6.27,820,196,242,Maize
511,28.8,59,6.24,781,300,321,Maize
664,24.4,57,6.92,972,250,288,Maize
653,27.1,61,6.5,865,169,138,Maize
651,20.5,59,6.27,828,99,154,Wheat
835,26.2,76,5.58,603,772,633,Rice
