Soil_Moisture,Temperature,Humidity,pH,Light,Rain_digital,Rain_analog,crop_type,cost
351,39.75,65.92,5.16,402,121,466,maize,low
374,35.67,38.57,5.83,430,661,308,wheat,low
301,37.78,30.05,8.25,576,160,459,wheat,low
357,37.62,47.47,4.89,358,510,681,maize,low
487,13.66,63.56,8.01,350,875,566,rice,low
363,35.73,70.82,7.94,466,273,387,wheat,low
388,39.73,48.28,7.73,864,897,339,wheat,low
391,35.52,59.71,4.99,334,205,80,wheat,low
335,35.91,55.51,5.18,353,105,771,maize,low
353,32.25,56.99,7.87,501,957,995,wheat,low
313,38.64,64.23,4.79,551,1016,701,maize,low
339,39.22,62.38,5.17,579,921,216,maize,low
359,37.71,78.13,4.63,364,856,838,maize,low
308,38.18,30.33,5.29,438,498,592,wheat,low
307,38.65,34.44,5.19,530,1017,40,maize,low
327,18.63,49.93,8.16,347,502,406,rice,low
361,34.6,68.25,7.42,846,960,738,wheat,low
400,39.77,73.3,7.9,802,766,397,wheat,low
402,32.32,36.65,7.34,760,690,574,wheat,low
395,37.09,60.51,5.76,784,406,230,wheat,low
442,38.04,34.62,5.42,542,85,795,wheat,low
365,38.12,36.33,4.77,583,27,619,maize,low
343,37.08,49.46,5.29,647,472,230,maize,low
489,32.88,55.63,5.41,558,358,709,wheat,low
371,37.67,71.55,4.94,533,683,663,maize,low
358,34.59,72.18,6.58,412,829,496,wheat,low
357,39.81,59.83,4.73,412,612,624,maize,low
355,35.18,60.16,5.05,353,854,996,maize,low
395,39.54,38.69,4.72,471,729,671,maize,low
369,36.21,75.7,5.1,422,400,766,maize,low
593,13.68,59.01,8.17,694,510,751,rice,low
443,38.68,41.19,5.78,648,770,659,wheat,low
551,16.78,55.36,7.61,446,147,863,rice,low
370,35.87,53.2,5.12,637,871,640,maize,low
566,13.41,67.74,7.7,777,297,610,rice,low
306,37.28,63.31,7.77,871,880,1,wheat,low
428,32.74,84.03,8.09,308,232,98,wheat,low
318,38.63,83.23,5.31,419,672,919,maize,low
415,10.84,66.96,7.75,639,253,226,rice,low
411,11.01,40.15,8.2,683,877,337,rice,low
493,16.92,46.73,8.19,460,579,800,rice,low
441,34.6,68.98,7.49,434,194,400,wheat,low
427,36.55,52.06,4.87,674,21,749,wheat,low
457,19.73,66.76,7.95,582,26,225,rice,low
320,36.02,59.55,6.81,752,1019,828,wheat,low
347,34.25,68.73,4.6,316,171,219,wheat,low
457,19.54,51.1,8.42,532,36,279,rice,low
392,35.43,87.82,8.37,415,190,252,wheat,low
460,13.17,56.7,7.75,522,565,569,rice,low
473,10.97,69.7,8.15,749,638,154,rice,low
301,36.61,38.2,5.26,545,175,38,maize,low
469,18.09,66.01,8.33,312,827,505,rice,low
434,36.01,69.0,7.69,811,1005,399,wheat,low
313,39.45,52.53,4.8,621,799,726,maize,low
350,14.66,48.6,8.09,613,569,341,rice,low
348,35.19,51.61,5.24,400,992,263,maize,low
352,34.17,57.44,8.36,649,46,866,wheat,low
443,19.76,49.69,8.06,444,119,830,rice,low
318,35.51,31.52,4.81,416,829,790,wheat,low
308,38.44,84.91,4.55,538,801,95,maize,low
425,10.94,68.04,7.76,684,271,188,rice,low
363,37.77,55.18,5.05,375,153,655,maize,low
350,38.79,36.96,4.51,368,46,1008,maize,low
393,18.55,54.23,8.23,517,473,431,rice,low
384,37.37,56.03,4.66,322,761,521,maize,low
368,39.09,30.92,5.54,741,607,768,wheat,low
368,38.42,86.63,5.05,557,496,987,maize,low
427,37.09,70.63,7.7,679,544,928,wheat,low
488,36.36,53.17,8.27,716,167,841,wheat,low
342,35.98,36.05,4.56,685,252,498,maize,low
334,34.69,53.12,7.12,717,114,616,wheat,low
495,16.93,68.1,7.91,675,419,728,rice,low
320,39.74,55.41,6.69,491,738,688,wheat,low
398,35.3,76.58,5.99,489,735,36,wheat,low
311,35.43,75.27,7.5,572,880,61,wheat,low
383,18.26,66.87,7.89,476,611,395,rice,low
532,18.47,68.7,7.92,522,383,563,rice,low
443,14.48,49.86,7.86,678,468,483,rice,low
352,38.96,35.47,5.21,341,185,934,maize,low
522,10.56,56.38,8.26,630,657,750,rice,low
375,37.5,82.01,7.85,529,518,173,wheat,low
440,12.23,66.76,7.96,493,516,28,rice,low
464,12.33,65.89,8.12,641,499,656,rice,low
370,39.89,52.58,7.51,714,786,444,wheat,low
353,38.53,49.82,4.72,425,450,172,maize,low
440,14.05,62.23,8.11,755,828,894,rice,low
338,38.73,87.73,5.03,490,507,368,maize,low
324,39.34,87.79,4.7,343,684,671,maize,low
344,35.22,61.66,5.3,502,763,228,maize,low
463,36.43,61.39,8.38,532,304,525,wheat,low
314,37.27,65.06,5.06,443,470,952,maize,low
374,36.4,83.42,5.36,455,372,7,maize,low
421,33.5,51.2,6.35,477,539,731,wheat,low
340,36.3,31.94,4.91,500,928,1012,maize,low
383,38.01,37.99,4.74,334,252,389,maize,low
381,35.33,85.15,6.82,309,823,797,wheat,low
408,33.32,76.66,6.15,445,223,238,wheat,low
476,13.77,51.79,8.27,614,794,688,rice,low
397,10.37,40.41,7.72,610,517,475,rice,low
496,20.0,56.66,8.5,784,564,676,rice,low
373,39.25,57.03,4.72,665,0,50,maize,low
344,38.03,70.3,4.71,587,33,347,maize,low
394,35.57,61.22,5.1,417,770,890,maize,low
349,38.82,63.66,6.71,700,623,766,wheat,low
346,37.1,68.36,5.21,374,434,102,maize,low
491,10.15,57.7,7.92,585,334,858,rice,low
478,39.23,60.84,5.89,634,1019,541,wheat,low
405,38.9,38.82,8.3,483,400,329,wheat,low
316,34.07,88.8,6.34,352,449,204,wheat,low
425,16.33,42.28,7.82,548,662,182,rice,low
394,14.0,45.4,8.23,687,695,280,rice,low
494,18.74,69.19,8.06,360,633,50,rice,low
446,38.57,50.86,5.88,833,404,837,wheat,low
300,36.28,83.65,5.92,377,729,812,wheat,low
326,35.2,67.67,5.22,538,55,349,maize,low
362,36.89,82.1,4.5,307,624,866,maize,low
552,19.86,67.72,8.08,313,473,27,rice,low
377,35.7,32.2,7.49,611,882,6,wheat,low
302,39.48,61.93,4.96,573,505,805,maize,low
526,13.97,62.12,7.69,327,713,38,rice,low
572,12.11,43.59,7.89,444,524,211,rice,low
324,38.4,59.91,5.21,410,227,110,maize,low
333,15.58,56.93,8.13,341,424,612,rice,low
305,39.2,44.66,6.93,614,876,965,wheat,low
528,19.34,46.76,7.61,369,502,623,rice,low
303,38.81,78.35,4.85,436,758,898,wheat,low
330,35.28,36.72,8.43,621,467,731,wheat,low
374,39.33,45.47,5.24,361,440,193,maize,low
378,37.68,80.31,4.93,432,325,409,maize,low
367,37.13,44.54,4.96,346,0,89,maize,low
441,12.89,44.63,8.12,655,844,1002,rice,low
302,35.26,38.06,4.8,437,171,897,maize,low
312,38.42,38.33,4.58,628,784,776,maize,low
337,14.12,67.89,7.91,617,955,235,rice,low
349,35.62,86.3,5.16,375,994,546,maize,low
300,17.41,65.25,8.12,627,778,872,rice,low
528,12.02,44.93,7.75,304,850,378,rice,low
377,36.18,82.63,5.94,388,401,295,wheat,low
371,35.51,57.76,6.01,721,864,22,wheat,low
362,37.51,83.97,4.71,608,615,103,maize,low
338,11.17,58.83,8.45,755,553,447,rice,low
314,39.03,74.49,6.48,719,156,549,wheat,low
484,34.49,74.64,5.49,553,195,597,wheat,low
365,38.1,50.52,8.01,458,814,227,wheat,low
408,33.02,77.84,6.09,560,156,46,wheat,low
367,38.61,68.47,5.15,542,931,291,maize,low
325,34.01,40.9,5.88,849,133,711,wheat,low
322,37.31,39.2,5.35,440,615,957,maize,low
509,16.11,66.16,7.62,759,1003,355,rice,low
367,38.95,69.08,4.52,391,798,377,maize,low
436,35.39,86.06,7.45,706,768,813,wheat,low
400,19.85,43.74,8.36,612,0,830,rice,low
354,12.27,51.38,8.15,608,136,201,rice,low
351,38.94,36.86,5.04,543,536,601,maize,low
374,19.23,54.43,8.02,646,528,639,rice,low
342,35.16,44.89,5.32,324,966,179,maize,low
497,10.34,63.41,7.88,790,661,665,rice,low
327,36.06,88.53,4.96,660,688,147,maize,low
417,38.89,41.07,6.64,626,768,735,wheat,low
312,36.99,77.99,4.88,617,31,669,maize,low
328,38.12,80.19,4.84,318,17,768,maize,low
377,37.71,62.07,6.61,412,113,221,wheat,low
337,38.83,50.06,4.59,354,870,642,maize,low
331,36.36,61.59,5.31,386,54,475,maize,low
587,17.16,40.81,8.19,546,834,983,rice,low
386,38.36,36.25,4.52,538,228,578,maize,low
350,16.53,42.98,7.81,395,87,77,rice,low
331,38.85,53.83,7.82,464,181,468,wheat,low
522,13.24,59.0,7.68,460,150,84,rice,low
446,11.23,59.29,8.39,381,513,896,rice,low
346,37.0,79.51,5.84,770,118,395,wheat,low
319,16.24,56.56,7.97,525,52,939,rice,low
398,39.59,38.41,7.55,457,631,58,wheat,low
386,39.0,31.35,4.88,313,520,551,maize,low
365,38.17,38.36,4.73,534,493,3,maize,low
453,15.26,48.17,7.75,374,837,145,rice,low
384,39.08,34.03,4.95,464,152,997,maize,low
421,37.76,38.4,4.93,326,824,286,wheat,low
305,38.66,67.99,4.73,608,454,905,maize,low
472,38.7,76.25,6.12,857,575,129,wheat,low
353,38.69,66.19,4.57,581,28,148,maize,low
566,12.89,61.57,7.92,594,743,226,rice,low
353,37.38,86.21,5.1,368,311,288,maize,low
335,37.7,80.49,4.65,636,957,506,maize,low
397,38.12,50.66,4.93,595,16,640,maize,low
360,37.51,44.78,6.24,430,497,228,wheat,low
407,37.56,65.41,5.59,574,612,43,wheat,low
316,19.5,45.55,8.0,617,591,215,rice,low
382,37.86,69.53,7.73,673,975,709,wheat,low
371,36.25,43.27,4.94,664,537,46,maize,low
331,38.53,40.83,5.33,385,249,390,maize,low
313,32.96,41.56,7.42,797,826,726,wheat,low
392,37.37,80.67,5.28,402,272,525,maize,low
458,13.65,54.43,8.1,430,804,170,rice,low
482,14.04,64.12,8.12,303,348,981,rice,low
452,37.9,55.61,6.58,407,893,449,wheat,low
354,35.7,30.01,8.46,440,273,415,wheat,low
395,17.99,50.52,8.5,745,1008,476,rice,low
544,14.8,48.15,8.12,676,265,925,rice,low
452,34.69,73.94,6.59,302,428,141,wheat,low
419,34.3,44.02,5.69,731,704,948,wheat,low
372,32.88,37.47,6.07,486,1017,804,wheat,low
360,36.29,88.94,5.03,618,301,343,maize,low
310,39.23,74.6,8.46,870,583,659,wheat,low
392,37.2,60.76,6.93,629,106,225,wheat,low
356,36.1,76.78,4.67,561,516,772,maize,low
353,19.69,67.83,8.4,677,752,572,rice,low
422,35.17,71.76,7.53,515,2,159,wheat,low
398,36.12,62.22,4.7,628,579,909,maize,low
400,32.73,45.94,8.01,840,648,194,wheat,low
452,38.82,49.74,4.64,836,260,394,wheat,low
358,36.41,30.3,4.73,550,900,175,maize,low
389,15.33,43.28,8.47,583,964,972,rice,low
380,35.31,60.96,5.29,414,697,322,maize,low
355,37.3,81.87,6.68,588,261,215,wheat,low
446,18.68,44.72,7.82,603,680,780,rice,low
344,38.49,67.12,5.11,487,6,132,maize,low
344,39.36,79.55,4.53,693,671,362,maize,low
457,19.09,56.69,7.6,376,988,523,rice,low
338,33.55,49.59,4.84,532,16,359,wheat,low
394,36.88,79.12,4.51,625,466,413,maize,low
370,37.71,50.51,5.37,359,334,221,maize,low
336,35.51,71.27,5.34,541,323,730,maize,low
491,37.67,64.93,4.77,321,473,119,wheat,low
381,39.36,88.13,5.38,463,762,226,maize,low
306,10.66,51.16,8.34,715,946,458,rice,low
357,10.01,54.06,7.74,303,976,98,rice,low
312,39.27,79.56,4.97,374,883,799,maize,low
301,38.86,37.88,4.71,494,848,381,maize,low
535,10.31,67.29,8.26,656,954,83,rice,low
561,17.6,49.36,8.0,357,891,933,rice,low
314,38.73,82.09,4.68,579,523,785,maize,low
570,14.72,44.78,8.09,772,656,604,rice,low
352,33.23,61.82,6.31,498,386,348,wheat,low
491,34.35,88.05,8.15,857,526,152,wheat,low
498,33.0,55.82,7.24,800,116,385,wheat,low
387,35.47,38.97,8.44,573,989,319,wheat,low
394,17.22,62.71,8.19,401,424,391,rice,low
310,35.84,44.52,4.92,345,671,462,wheat,low
379,37.41,50.76,4.69,541,1019,864,maize,low
301,37.67,34.95,5.29,376,115,665,maize,low
449,34.58,42.05,8.41,421,1009,142,wheat,low
397,35.21,87.09,5.1,616,962,634,maize,low
433,36.76,66.78,6.97,852,369,715,wheat,low
307,39.58,77.01,7.0,410,250,382,wheat,low
306,37.29,65.85,6.71,321,409,894,wheat,low
302,35.2,56.32,4.65,311,86,523,maize,low
312,37.4,49.74,5.05,537,355,684,maize,low
435,38.97,32.62,6.23,893,965,913,wheat,low
449,34.66,59.6,6.67,334,444,92,wheat,low
481,32.25,57.76,5.53,458,953,956,wheat,low
323,35.4,52.26,5.88,831,955,151,wheat,low
349,18.67,53.16,8.12,416,865,511,rice,low
365,36.78,69.3,7.67,670,185,245,wheat,low
311,36.92,80.16,4.92,524,866,793,maize,low
307,35.24,67.95,6.91,825,333,1,wheat,low
592,18.54,47.42,8.04,615,380,622,rice,low
313,37.57,65.58,4.82,625,144,890,maize,low
327,12.58,49.76,8.19,723,459,951,rice,low
463,39.76,44.16,6.32,569,591,969,wheat,low
392,36.69,55.85,5.25,575,775,682,maize,low
300,34.02,52.76,5.94,406,932,686,wheat,low
375,37.37,78.34,5.26,455,366,718,maize,low
305,36.03,46.18,4.6,429,968,510,maize,low
336,39.68,37.33,4.54,497,484,756,maize,low
358,13.16,41.25,8.06,789,275,692,rice,low
342,32.14,88.39,5.79,338,222,183,wheat,low
477,13.43,43.77,8.08,425,812,307,rice,low
533,17.33,45.65,7.75,563,668,351,rice,low
401,38.95,71.56,5.21,610,118,217,wheat,low
470,37.47,67.07,6.49,602,743,880,wheat,low
375,32.9,85.12,7.68,300,146,286,wheat,low
379,39.13,64.63,5.1,519,961,1009,maize,low
491,10.48,52.21,8.48,475,780,584,rice,low
544,15.67,66.36,8.26,680,101,493,rice,low
431,16.68,62.87,8.33,788,278,850,rice,low
428,11.2,40.17,8.09,442,64,75,rice,low
498,15.63,56.45,7.94,716,304,735,rice,low
334,36.14,66.21,4.57,409,973,841,maize,low
493,35.71,81.8,6.02,749,453,923,wheat,low
392,36.71,53.93,4.84,592,974,299,maize,low
314,36.97,74.81,4.99,663,890,426,maize,low
320,35.98,68.85,4.51,423,398,792,maize,low
335,39.42,86.07,4.74,769,786,801,wheat,low
377,35.89,47.09,5.53,838,668,750,wheat,low
455,15.39,58.31,7.88,445,1,944,rice,low
376,37.07,40.87,4.61,650,107,585,maize,low
338,15.25,43.21,8.24,725,444,297,rice,low
483,39.7,78.36,6.43,684,171,375,wheat,low
472,37.07,66.1,8.31,417,276,725,wheat,low
436,38.35,40.49,7.09,883,151,719,wheat,low
348,33.89,46.49,7.62,830,611,59,wheat,low
338,38.34,67.43,4.59,541,580,686,maize,low
348,17.37,46.5,8.38,764,661,431,rice,low
336,37.14,62.8,6.93,889,76,508,wheat,low
553,11.42,57.91,7.85,445,834,553,rice,low
417,35.57,30.95,7.4,579,699,301,wheat,low
318,16.03,67.17,7.9,408,1005,35,rice,low
531,16.45,52.04,8.14,652,890,69,rice,low
468,36.94,79.91,6.27,816,427,538,wheat,low
459,36.32,69.05,8.02,680,57,258,wheat,low
429,19.94,56.73,8.2,653,470,797,rice,low
307,37.9,87.7,4.58,586,302,1016,maize,low
354,36.29,57.02,4.89,311,656,399,wheat,low
439,39.85,52.95,6.4,578,347,626,wheat,low
304,38.69,44.62,5.19,585,148,83,maize,low
369,36.29,81.88,5.21,571,459,549,maize,low
441,32.94,50.5,5.41,660,340,769,wheat,low
492,34.44,56.83,6.09,495,465,310,wheat,low
305,39.36,89.53,6.49,400,243,489,wheat,low
311,39.44,79.05,4.97,457,215,1001,wheat,low
457,17.21,46.36,7.73,313,72,398,rice,low
462,11.74,50.38,8.23,575,977,767,rice,low
565,18.22,65.86,7.72,463,94,781,rice,low
364,36.85,40.49,7.56,782,936,901,wheat,low
324,16.66,54.35,7.71,751,536,78,rice,low
367,32.64,37.32,7.61,391,652,542,wheat,low
377,39.01,81.09,5.61,342,253,129,wheat,low
359,13.65,56.93,7.95,717,777,344,rice,low
429,35.88,67.17,7.52,762,456,982,wheat,low
382,11.71,63.48,7.67,793,882,262,rice,low
379,16.92,59.0,8.16,339,784,100,rice,low
520,16.24,52.78,8.07,362,484,627,rice,low
490,14.5,51.03,7.78,391,981,525,rice,low
528,13.87,47.46,8.47,361,730,404,rice,low
378,37.91,41.38,5.11,688,64,12,maize,low
384,39.17,41.93,5.07,472,671,163,maize,low
380,35.55,57.26,4.99,607,767,182,maize,low
325,35.64,44.61,5.28,381,743,226,maize,low
392,36.97,77.1,4.91,696,624,104,maize,low
491,17.87,60.64,7.88,359,559,28,rice,low
396,38.73,84.11,4.65,583,714,758,wheat,low
333,35.09,43.62,6.3,472,466,580,wheat,low
386,16.8,42.54,7.64,342,384,620,rice,low
478,32.57,87.39,4.55,576,231,825,wheat,low
458,34.37,76.48,5.9,690,498,539,wheat,low
350,35.87,69.62,4.59,651,519,319,maize,low
309,35.1,88.07,4.57,522,647,767,maize,low
324,39.88,30.63,5.1,591,381,835,maize,low
377,32.55,58.7,8.34,669,777,148,wheat,low
335,36.46,66.11,5.38,480,159,350,maize,low
587,16.16,41.31,7.74,572,935,401,rice,low
482,32.76,63.01,6.0,713,979,724,wheat,low
471,33.58,68.75,8.05,421,543,221,wheat,low
338,39.23,45.13,5.33,696,1021,660,maize,low
425,18.42,63.29,8.26,535,735,202,rice,low
385,38.77,62.37,4.74,568,465,769,maize,low
328,38.43,87.91,4.58,387,43,460,maize,low
321,36.34,60.5,6.86,318,22,412,wheat,low
329,38.99,75.67,7.05,410,135,361,wheat,low
357,35.05,73.59,4.72,687,103,482,maize,low
363,38.4,63.31,5.32,601,230,730,wheat,low
454,37.5,62.32,6.0,897,233,601,wheat,low
357,32.28,42.15,7.48,717,436,376,wheat,low
319,36.63,48.34,4.63,611,210,100,maize,low
485,34.95,73.32,6.29,835,1013,226,wheat,low
325,36.96,71.74,4.87,501,37,941,maize,low
303,33.45,54.14,6.05,882,515,220,wheat,low
313,17.23,46.76,7.69,799,899,887,rice,low
323,37.41,46.19,7.72,359,914,816,wheat,low
362,35.39,50.05,4.55,329,313,997,maize,low
416,38.31,56.41,6.57,649,182,112,wheat,low
354,36.18,33.75,4.83,550,302,970,maize,low
356,39.67,55.27,5.08,559,659,751,maize,low
346,32.95,80.39,6.14,374,870,136,wheat,low
389,37.94,51.73,4.67,349,770,972,maize,low
406,32.19,46.38,7.83,862,756,914,wheat,low
334,14.3,65.26,8.39,720,979,48,rice,low
320,37.29,38.01,4.93,559,637,742,maize,low
338,37.48,73.77,4.89,625,808,181,maize,low
345,38.05,75.08,4.62,451,984,547,maize,low
384,35.34,46.93,4.55,519,902,162,maize,low
519,17.87,51.14,8.48,778,617,728,rice,low
504,12.68,65.59,7.74,406,595,849,rice,low
406,33.11,54.67,6.63,818,69,638,wheat,low
314,35.11,87.8,5.1,442,943,198,maize,low
320,35.26,45.61,4.88,612,164,313,maize,low
320,12.57,45.94,8.19,771,304,914,rice,low
414,39.78,50.97,6.93,724,160,177,wheat,low
416,12.25,65.52,7.83,588,592,663,rice,low
360,12.27,56.28,7.96,722,597,176,rice,low
316,36.9,80.82,5.4,816,513,21,wheat,low
356,38.35,54.71,4.92,424,678,85,maize,low
375,35.31,78.38,4.96,437,610,703,maize,low
542,17.86,47.76,7.78,319,153,382,rice,low
367,17.57,46.15,8.07,512,78,725,rice,low
415,18.71,53.54,7.81,357,795,25,rice,low
412,32.22,57.84,4.76,343,96,553,wheat,low
305,34.98,53.84,6.31,726,914,708,wheat,low
566,12.04,48.61,8.07,775,296,163,rice,low
384,36.56,41.75,5.08,537,103,209,maize,low
341,37.24,39.96,5.0,635,386,876,maize,low
302,39.18,60.42,5.18,519,128,1014,wheat,low
307,39.15,39.13,7.12,559,989,965,wheat,low
318,39.41,60.31,5.22,315,128,574,maize,low
408,39.87,68.08,7.17,559,923,101,wheat,low
394,38.28,71.21,4.62,430,352,195,maize,low
580,18.23,51.37,7.79,526,700,475,rice,low
308,38.55,72.61,6.66,676,394,449,wheat,low
512,12.54,66.39,8.34,585,985,1007,rice,low
320,32.9,73.14,4.85,845,40,306,wheat,low
474,33.53,56.13,6.96,572,836,619,wheat,low
438,18.44,40.93,7.83,680,271,929,rice,low
365,13.15,60.45,7.6,753,200,659,rice,low
423,39.93,34.62,4.79,878,515,441,wheat,low
593,13.6,62.89,7.66,736,301,1011,rice,low
313,39.52,78.44,4.71,551,844,206,maize,low
381,38.25,30.01,5.29,390,353,887,maize,low
345,14.6,56.4,8.38,334,658,541,rice,low
377,37.4,55.29,4.52,569,153,613,maize,low
386,35.64,88.37,5.14,686,425,274,maize,low
372,39.2,67.28,5.38,372,762,635,maize,low
418,36.26,56.99,7.04,419,933,436,wheat,low
360,35.34,32.77,4.74,460,375,819,maize,low
388,39.12,43.58,4.57,633,221,40,maize,low
495,10.64,66.32,8.39,424,621,597,rice,low
340,39.95,61.88,5.06,361,880,431,maize,low
457,35.43,77.35,5.57,768,766,660,wheat,low
368,34.02,59.3,5.38,500,444,904,wheat,low
334,18.29,57.15,8.39,600,342,430,rice,low
467,34.54,76.43,6.24,325,819,604,wheat,low
449,36.86,65.5,7.03,478,131,822,wheat,low
370,35.66,77.21,4.71,366,853,491,maize,low
365,36.36,89.03,4.93,371,86,933,maize,low
305,39.13,32.39,4.51,561,729,282,wheat,low
435,12.39,53.51,8.02,408,752,866,rice,low
441,16.11,46.21,7.85,440,700,997,rice,low
348,35.04,32.2,4.7,679,864,601,maize,low
338,38.42,60.76,6.79,662,821,381,wheat,low
308,39.08,79.09,4.76,576,818,570,maize,low
482,18.74,61.07,8.04,446,906,332,rice,low
426,34.2,55.31,6.08,631,583,455,wheat,low
360,38.57,48.56,5.05,600,601,102,maize,low
391,39.11,68.18,4.5,642,669,1004,maize,low
514,10.41,47.7,8.38,623,989,672,rice,low
335,36.85,55.14,4.61,383,112,736,maize,low
542,13.55,60.06,8.45,404,201,449,rice,low
565,15.02,43.47,7.72,338,539,770,rice,low
383,37.1,61.8,7.46,686,911,349,wheat,low
339,38.56,61.95,7.28,534,832,310,wheat,low
344,37.0,78.48,5.32,426,222,920,maize,low
578,18.17,51.62,7.66,406,657,419,rice,low
398,10.78,65.85,8.09,329,187,363,rice,low
397,35.07,64.76,6.3,340,62,22,wheat,low
403,39.12,52.2,4.55,417,611,379,wheat,low
466,15.12,59.37,7.75,720,567,832,rice,low
492,39.57,61.03,5.86,718,426,1006,wheat,low
394,38.96,36.08,5.04,363,324,391,maize,low
475,12.18,53.62,8.49,687,624,876,rice,low
477,35.88,60.33,4.61,374,556,771,wheat,low
325,35.19,53.28,4.53,533,562,817,maize,low
561,17.56,48.68,8.01,784,121,124,rice,low
336,39.78,83.3,4.78,495,785,1019,maize,low
372,39.92,87.67,4.76,408,735,1007,maize,low
577,15.41,56.61,7.74,461,364,853,rice,low
352,39.17,48.14,4.9,408,562,761,maize,low
384,34.74,87.99,5.58,658,835,498,wheat,low
428,36.64,56.64,5.06,410,865,138,wheat,low
478,38.26,48.03,7.44,513,760,663,wheat,low
318,36.01,32.37,4.86,444,612,163,maize,low
417,33.82,84.57,8.36,566,821,684,wheat,low
346,39.35,77.43,4.62,304,976,183,maize,low
319,35.73,88.18,4.64,446,665,303,wheat,low
407,14.83,57.66,8.38,549,227,101,rice,low
374,36.02,53.19,5.19,502,703,760,maize,low
380,39.33,54.46,5.38,474,1022,750,maize,low
303,38.45,89.77,6.41,415,940,848,wheat,low
524,18.93,66.5,7.66,742,836,12,rice,low
474,37.01,31.15,8.21,779,21,348,wheat,low
470,38.98,67.95,6.61,576,975,203,wheat,low
493,13.33,55.86,8.26,521,302,162,rice,low
318,12.01,42.69,8.5,329,646,578,rice,low
364,34.73,34.14,7.03,440,743,647,wheat,low
487,16.59,65.38,8.29,493,702,103,rice,low
322,35.9,54.45,4.81,713,990,357,wheat,low
374,36.74,78.49,4.6,472,991,289,maize,low
344,39.64,47.97,6.59,674,161,745,wheat,low
315,37.39,72.61,4.63,483,110,926,maize,low
333,34.25,85.75,7.71,866,26,629,wheat,low
520,15.83,56.47,8.36,457,436,780,rice,low
320,36.07,75.58,4.87,330,336,182,maize,low
322,18.67,64.64,8.01,353,563,659,rice,low
331,37.63,44.08,4.92,352,407,846,maize,low
321,37.82,85.01,4.61,563,465,11,maize,low
418,33.27,79.43,8.03,374,872,715,wheat,low
348,34.54,60.67,4.5,453,785,95,wheat,low
337,39.17,58.02,6.83,689,324,939,wheat,low
420,32.66,79.6,8.22,436,922,673,wheat,low
399,19.07,52.67,8.45,497,623,567,rice,low
478,32.71,59.63,7.25,474,22,724,wheat,low
448,39.0,46.71,5.23,822,784,451,wheat,low
346,39.72,58.52,4.74,510,651,292,maize,low
597,11.05,51.55,8.05,340,354,302,rice,low
445,16.34,40.09,8.29,754,1000,12,rice,low
381,37.76,73.18,4.87,436,328,165,maize,low
374,38.65,77.77,5.08,642,172,748,maize,low
461,35.16,37.54,8.22,302,27,325,wheat,low
448,16.82,57.38,8.02,320,251,234,rice,low
312,32.46,60.95,4.95,343,814,52,wheat,low
373,35.07,50.24,4.84,636,867,397,maize,low
437,32.25,49.81,7.44,481,883,535,wheat,low
328,14.64,55.57,8.47,529,832,851,rice,low
418,38.19,61.28,7.59,801,692,681,wheat,low
486,13.83,45.45,7.93,690,991,735,rice,low
452,38.19,50.89,6.57,311,527,719,wheat,low
342,37.3,82.76,6.69,606,456,159,wheat,low
563,17.83,53.74,8.3,513,58,643,rice,low
403,10.66,47.4,7.81,711,204,78,rice,low
423,14.74,68.73,7.65,692,630,644,rice,low
355,39.93,87.77,6.68,839,277,232,wheat,low
316,33.8,38.45,5.28,325,24,393,wheat,low
344,34.21,61.64,8.43,367,1006,862,wheat,low
327,38.21,86.84,5.23,401,215,437,maize,low
487,36.31,71.4,4.74,304,595,819,wheat,low
547,11.34,55.89,8.46,314,735,572,rice,low
421,16.8,48.24,7.67,385,445,209,rice,low
377,15.47,41.32,7.99,777,517,92,rice,low
307,33.67,80.62,4.7,630,332,49,wheat,low
310,13.92,43.27,8.19,367,866,251,rice,low
347,14.07,55.68,8.46,631,138,356,rice,low
388,39.6,42.84,4.66,453,389,259,maize,low
328,39.54,87.61,5.35,544,847,449,maize,low
546,13.93,63.19,8.37,783,494,605,rice,low
364,37.29,87.61,5.2,541,853,92,maize,low
385,38.02,77.07,5.25,455,937,254,maize,low
470,10.46,45.34,8.33,354,455,943,rice,low
390,34.03,54.17,5.48,472,9,739,wheat,low
308,33.23,87.29,8.46,428,671,600,wheat,low
392,14.82,42.72,8.17,393,674,610,rice,low
412,35.55,67.32,5.6,415,860,979,wheat,low
352,36.79,44.42,5.09,357,153,876,maize,low
415,10.28,62.55,8.36,688,889,192,rice,low
444,33.19,43.49,7.22,879,708,255,wheat,low
438,36.51,49.58,6.21,702,108,699,wheat,low
370,39.47,83.55,5.35,431,790,873,maize,low
383,14.98,57.73,7.78,340,367,146,rice,low
411,18.55,42.13,7.79,623,889,270,rice,low
398,37.53,78.65,4.87,339,958,188,maize,low
463,16.94,59.64,8.29,622,289,952,rice,low
480,12.82,41.13,7.98,553,180,829,rice,low
340,35.0,61.35,4.87,656,824,649,maize,low
339,36.13,48.24,4.77,302,383,690,maize,low
385,37.83,43.46,8.37,810,419,750,wheat,low
468,18.48,49.09,7.98,489,868,536,rice,low
326,36.36,50.22,4.61,346,885,739,maize,low
338,33.76,62.55,7.55,571,570,1014,wheat,low
586,17.54,48.07,7.62,553,520,976,rice,low
438,37.03,51.7,6.43,859,435,110,wheat,low
324,35.65,76.84,5.0,490,728,562,maize,low
591,19.72,44.77,8.0,570,95,422,rice,low
422,38.43,37.51,4.99,808,637,312,wheat,low
380,35.15,38.53,4.55,369,261,339,maize,low
351,35.79,75.88,4.61,667,174,108,maize,low
354,37.75,58.95,4.78,399,543,863,maize,low
367,36.92,80.34,4.52,377,825,800,maize,low
313,39.22,63.54,4.59,638,901,888,maize,low
396,39.84,60.29,4.55,582,335,389,maize,low
312,39.81,87.15,5.14,379,890,554,maize,low
388,33.26,47.4,5.74,675,21,882,wheat,low
306,13.13,65.52,8.44,382,178,209,rice,low
423,11.87,51.72,7.62,688,282,139,rice,low
444,39.48,82.68,6.22,368,117,887,wheat,low
358,36.78,50.01,4.58,513,196,890,maize,low
346,13.81,63.55,8.48,690,590,214,rice,low
313,38.9,66.07,5.21,328,791,337,maize,low
501,19.15,53.5,7.61,501,16,321,rice,low
305,37.74,63.33,5.38,381,473,467,maize,low
468,33.64,34.44,6.58,686,777,97,wheat,low
388,38.7,62.98,5.07,465,21,153,maize,low
594,11.72,42.05,8.43,340,949,147,rice,low
318,38.12,46.04,5.08,589,917,834,maize,low
433,12.51,61.2,8.21,347,325,744,rice,low
358,36.36,81.97,5.04,364,594,153,maize,low
565,16.12,68.17,7.79,704,890,247,rice,low
577,16.25,41.51,7.94,748,880,300,rice,low
367,19.36,68.19,8.09,437,419,72,rice,low
345,35.94,88.62,5.11,444,841,369,maize,low
582,14.34,62.45,7.68,426,408,923,rice,low
314,39.09,56.3,4.96,547,859,784,maize,low
342,37.1,72.84,5.47,338,368,756,wheat,low
450,32.4,31.77,8.15,665,68,298,wheat,low
589,10.63,61.98,8.01,613,160,330,rice,low
315,35.41,80.31,5.36,337,638,274,maize,low
463,19.33,46.01,8.09,757,869,832,rice,low
390,37.61,52.27,4.56,372,508,389,maize,low
388,36.67,84.92,5.28,336,648,849,maize,low
355,38.3,82.42,6.15,422,187,741,wheat,low
339,37.21,86.18,5.08,391,529,865,maize,low
362,36.46,31.31,4.9,559,213,255,maize,low
434,10.56,67.81,8.04,506,128,822,rice,low
302,14.1,47.81,8.19,337,340,1007,rice,low
328,35.35,69.85,4.67,408,302,595,maize,low
382,32.88,48.59,5.66,743,282,311,wheat,low
533,15.36,50.61,7.92,351,855,152,rice,low
536,13.08,68.58,8.42,335,621,1001,rice,low
476,36.05,82.58,8.26,512,828,136,wheat,low
305,15.53,45.82,8.05,417,260,425,rice,low
386,39.19,74.9,5.27,612,894,725,maize,low
372,35.8,40.76,5.11,345,371,494,maize,low
322,37.15,81.78,5.17,433,619,17,maize,low
393,11.61,40.57,7.68,534,415,937,rice,low
421,13.54,46.67,7.69,500,233,539,rice,low
310,12.45,51.73,7.65,446,117,910,rice,low
451,16.16,52.47,8.1,745,480,18,rice,low
366,38.48,40.3,5.13,653,498,140,maize,low
428,37.05,36.92,6.63,732,244,831,wheat,low
360,36.69,71.52,4.63,370,268,324,maize,low
581,18.96,55.23,7.78,608,192,752,rice,low
361,38.96,58.46,4.56,506,540,628,maize,low
459,37.72,73.88,8.03,372,631,823,wheat,low
364,37.33,42.21,5.29,663,946,629,maize,low
498,35.61,81.3,5.23,728,782,898,wheat,low
438,10.76,64.11,7.95,734,383,559,rice,low
365,35.33,53.36,5.29,484,871,291,maize,low
378,35.33,34.45,5.08,621,332,556,maize,low
378,36.16,32.57,5.35,622,850,2,maize,low
353,38.65,72.4,5.05,431,506,571,maize,low
421,13.5,51.38,8.44,685,61,255,rice,low
348,34.99,35.72,7.03,803,718,47,wheat,low
452,36.65,62.88,6.2,667,428,829,wheat,low
338,38.39,30.88,5.18,510,703,43,maize,low
328,13.87,50.41,8.2,689,924,441,rice,low
444,34.07,55.99,6.92,789,484,756,wheat,low
361,33.25,72.98,6.4,353,527,519,wheat,low
403,34.51,42.89,5.47,599,394,206,wheat,low
379,32.62,52.97,7.28,617,735,368,wheat,low
427,36.39,68.21,6.63,521,60,128,wheat,low
472,38.61,46.71,6.35,885,998,436,wheat,low
506,17.78,45.63,8.28,639,1017,868,rice,low
383,36.84,31.87,4.89,362,533,69,maize,low
424,39.03,63.44,5.47,419,813,689,wheat,low
475,13.23,66.64,8.41,531,766,924,rice,low
403,16.67,62.44,7.68,780,181,892,rice,low
337,35.47,49.6,5.4,586,90,479,maize,low
360,39.29,44.49,5.4,442,399,252,maize,low
312,33.04,51.63,4.59,798,949,970,wheat,low
329,36.56,43.92,5.09,465,414,461,maize,low
323,38.12,32.34,5.19,506,767,234,maize,low
302,16.25,57.61,8.38,324,67,572,rice,low
328,17.57,61.22,8.0,726,664,275,rice,low
347,15.97,67.87,8.44,482,539,708,rice,low
490,33.69,88.87,8.48,412,169,467,wheat,low
465,36.75,57.29,4.71,454,566,693,wheat,low
381,35.55,67.9,5.33,642,424,570,maize,low
388,38.24,39.37,4.75,363,838,259,maize,low
492,33.43,57.31,7.32,392,429,653,wheat,low
477,32.15,66.58,7.62,342,206,779,wheat,low
595,18.03,56.08,8.46,483,89,93,rice,low
312,33.23,46.62,6.79,737,537,586,wheat,low
499,32.76,72.16,6.88,328,295,985,wheat,low
329,39.58,44.78,5.05,617,746,518,maize,low
379,39.31,41.8,5.3,480,214,87,maize,low
555,18.03,40.9,8.5,533,464,750,rice,low
418,36.95,76.55,8.26,665,275,379,wheat,low
352,39.88,81.15,5.24,649,924,914,maize,low
310,38.32,40.09,6.16,575,49,357,wheat,low
437,32.6,61.79,6.25,883,295,235,wheat,low
355,11.56,58.92,7.79,392,861,567,rice,low
359,38.61,51.22,5.96,312,991,35,wheat,low
400,11.7,63.3,8.41,465,382,855,rice,low
386,35.49,72.4,5.25,601,95,189,maize,low
368,37.39,48.22,5.2,654,939,111,maize,low
359,37.44,57.58,4.57,612,438,105,maize,low
352,37.09,73.5,4.91,475,529,370,maize,low
405,13.14,65.2,8.08,636,31,392,rice,low
339,13.71,54.68,7.78,507,200,446,rice,low
375,37.42,51.68,5.25,526,47,17,maize,low
744,25.72,45.04,7.02,996,876,848,maize,medium
678,26.67,60.52,6.97,869,606,309,maize,medium
731,37.46,74.83,6.86,686,485,190,rice,medium
569,21.15,48.75,6.06,836,757,737,maize,medium
695,36.69,71.43,6.94,684,5,205,rice,medium
581,28.99,52.61,5.68,776,826,798,wheat,medium
704,23.74,41.01,7.48,886,765,724,maize,medium
683,24.49,60.01,5.53,775,499,716,rice,medium
680,22.74,67.02,5.92,772,919,57,rice,medium
671,36.57,65.83,5.08,814,473,110,rice,medium
736,27.95,73.18,5.5,788,271,886,wheat,medium
451,30.93,68.16,6.53,612,607,497,maize,medium
693,28.56,75.26,6.35,966,627,142,rice,medium
650,25.96,44.94,7.05,983,691,925,maize,medium
656,27.89,63.21,6.68,597,719,264,rice,medium
737,18.84,44.46,6.95,991,71,666,maize,medium
739,28.48,56.0,5.81,970,138,614,wheat,medium
694,33.91,73.55,5.47,923,406,567,rice,medium
733,26.59,74.99,5.64,998,821,711,rice,medium
782,26.41,58.78,5.71,748,114,449,wheat,medium
512,18.71,63.89,6.77,605,146,183,maize,medium
627,35.27,77.7,6.89,717,176,298,rice,medium
713,29.82,71.48,5.51,704,227,246,wheat,medium
682,25.61,61.58,5.68,709,815,807,rice,medium
696,36.84,67.45,5.37,991,922,136,rice,medium
710,22.93,63.01,6.19,1010,801,578,rice,medium
699,18.09,76.19,5.62,1003,959,359,maize,medium
559,25.89,53.44,5.65,882,463,112,wheat,medium
564,27.31,57.48,5.93,774,161,982,wheat,medium
644,26.78,58.85,5.88,775,182,367,wheat,medium
678,27.2,78.21,5.86,748,984,851,wheat,medium
715,22.16,70.63,6.47,793,764,142,rice,medium
699,20.33,65.29,6.97,976,889,900,maize,medium
619,29.51,71.99,5.67,690,529,660,wheat,medium
676,27.63,75.94,6.81,841,137,344,maize,medium
729,25.05,74.03,5.91,604,889,236,wheat,medium
730,27.32,79.42,5.56,948,196,584,wheat,medium
658,30.71,60.65,6.48,529,778,987,rice,medium
707,21.86,71.36,5.35,944,892,437,rice,medium
721,34.28,75.64,5.06,994,673,246,rice,medium
480,18.9,58.32,6.88,639,612,110,maize,medium
728,24.55,67.18,6.16,904,334,208,rice,medium
621,28.59,67.25,5.7,665,848,495,rice,medium
627,29.56,55.48,5.78,671,444,654,wheat,medium
603,28.81,58.27,5.89,762,59,5,wheat,medium
657,32.31,60.65,6.06,504,985,531,rice,medium
733,22.9,79.42,6.31,748,525,461,rice,medium
462,21.81,60.49,5.98,662,490,750,maize,medium
549,29.58,41.87,7.38,1007,316,380,maize,medium
694,29.5,63.32,5.98,763,140,965,wheat,medium
577,29.19,55.81,5.64,923,807,186,maize,medium
743,20.75,63.36,5.84,736,193,286,rice,medium
602,24.16,74.63,6.0,700,486,556,rice,medium
743,29.43,77.49,5.97,724,312,975,wheat,medium
629,33.54,73.55,6.06,922,571,609,rice,medium
725,22.64,70.81,6.67,993,619,3,rice,medium
692,36.47,76.88,5.5,923,889,607,rice,medium
605,25.85,65.44,5.08,900,95,387,rice,medium
746,21.59,72.82,7.21,890,533,192,maize,medium
599,31.32,79.61,6.03,602,392,315,maize,medium
525,29.21,44.82,6.88,832,840,790,maize,medium
651,28.59,52.29,5.95,855,726,29,maize,medium
730,20.72,56.73,5.84,624,585,717,maize,medium
783,25.42,53.01,5.7,624,333,354,wheat,medium
715,26.04,64.7,5.15,904,213,684,rice,medium
684,25.68,76.05,5.62,931,120,809,wheat,medium
653,23.85,60.19,5.84,982,1012,186,rice,medium
689,37.04,66.27,6.56,738,303,297,rice,medium
675,26.55,60.13,6.13,973,826,922,rice,medium
576,27.83,53.96,5.88,974,941,574,wheat,medium
723,27.67,76.11,6.66,752,464,375,rice,medium
635,34.71,61.91,6.86,674,75,612,rice,medium
600,21.59,42.05,7.0,723,380,292,maize,medium
734,23.68,61.2,6.29,874,460,617,maize,medium
620,34.5,63.08,6.52,780,837,830,rice,medium
613,24.93,46.85,5.75,955,29,44,maize,medium
568,28.49,69.25,5.6,820,867,533,wheat,medium
710,25.35,68.23,5.46,615,238,334,rice,medium
734,25.71,53.17,5.77,604,915,854,wheat,medium
575,27.1,41.4,5.66,899,801,588,maize,medium
747,25.56,44.69,6.51,758,383,162,maize,medium
734,27.54,79.56,5.82,887,833,186,wheat,medium
715,28.04,73.31,6.24,643,15,301,rice,medium
694,25.3,45.17,6.06,940,3,326,maize,medium
544,26.01,47.8,6.48,646,987,180,maize,medium
555,31.45,60.47,6.7,618,409,970,maize,medium
589,25.47,54.05,5.98,794,489,794,wheat,medium
662,29.72,50.16,5.88,781,29,595,wheat,medium
615,20.44,58.56,5.54,897,807,736,maize,medium
676,31.9,65.02,6.3,745,719,236,rice,medium
571,25.61,53.4,5.85,935,161,159,wheat,medium
688,36.72,69.31,5.66,700,521,863,rice,medium
798,26.29,68.94,5.51,920,434,635,wheat,medium
713,25.87,69.91,5.65,677,193,284,wheat,medium
614,36.03,71.28,6.15,779,916,905,rice,medium
709,21.62,66.82,6.2,627,313,331,rice,medium
635,37.85,75.7,6.45,855,439,728,rice,medium
645,28.38,78.38,5.84,794,662,479,wheat,medium
708,24.9,73.24,5.44,603,754,461,rice,medium
739,25.82,71.13,6.33,900,680,309,rice,medium
643,31.7,68.04,5.21,705,846,42,rice,medium
696,20.25,71.09,5.65,609,949,189,rice,medium
631,35.32,71.31,6.92,700,796,325,rice,medium
694,26.84,67.77,6.21,571,246,640,rice,medium
686,21.46,79.54,6.66,553,729,527,rice,medium
648,29.46,59.6,5.73,710,128,848,wheat,medium
683,32.28,62.66,5.63,630,187,674,rice,medium
746,27.89,71.02,5.85,672,678,771,wheat,medium
692,26.5,64.77,6.96,740,908,187,maize,medium
535,23.23,71.86,6.48,642,210,967,maize,medium
793,27.76,58.47,5.76,1006,298,76,wheat,medium
736,21.55,62.11,5.11,706,990,438,rice,medium
755,25.24,77.98,5.65,697,426,274,wheat,medium
679,29.1,79.08,5.81,927,442,51,maize,medium
667,29.47,77.23,5.54,923,920,907,wheat,medium
603,31.1,77.66,6.17,1020,45,820,maize,medium
637,29.62,75.0,5.99,653,952,115,wheat,medium
667,28.14,70.28,5.97,721,522,347,wheat,medium
731,27.75,59.54,5.9,834,366,312,wheat,medium
575,29.08,52.3,5.73,869,333,546,wheat,medium
579,27.5,53.42,5.55,692,684,78,wheat,medium
559,33.02,55.49,6.33,646,180,575,maize,medium
795,28.24,74.41,5.53,606,277,848,wheat,medium
759,25.99,57.87,5.59,980,305,741,wheat,medium
768,26.69,61.75,5.56,1017,515,912,wheat,medium
731,23.76,71.05,5.12,977,177,456,rice,medium
638,27.81,72.12,6.19,843,634,810,maize,medium
576,27.96,55.16,5.57,1012,527,354,wheat,medium
496,32.79,64.58,6.24,638,303,941,maize,medium
767,27.35,56.02,5.75,877,202,65,wheat,medium
707,36.48,66.14,5.72,754,454,252,rice,medium
706,23.49,53.03,7.48,989,581,43,maize,medium
685,28.45,79.91,5.85,532,969,228,rice,medium
611,37.11,79.65,5.04,904,843,758,rice,medium
578,26.4,63.2,5.57,779,486,884,wheat,medium
621,18.93,76.1,6.7,835,421,420,maize,medium
635,25.52,72.82,5.6,667,890,721,maize,medium
645,24.0,62.19,7.1,771,382,133,maize,medium
474,25.57,49.9,5.53,950,909,678,maize,medium
705,27.08,64.35,5.51,749,415,452,wheat,medium
764,28.94,75.12,5.64,850,806,889,wheat,medium
614,31.26,62.86,5.02,847,28,974,rice,medium
584,25.26,65.35,5.7,746,66,903,wheat,medium
457,32.27,60.23,5.79,684,450,556,maize,medium
685,27.87,76.34,5.78,915,333,332,wheat,medium
670,21.76,63.71,5.09,907,112,996,rice,medium
450,23.62,58.17,6.68,968,984,305,maize,medium
461,34.73,70.27,7.09,933,936,419,maize,medium
720,21.06,74.58,6.38,524,529,189,rice,medium
740,21.64,73.45,5.57,818,440,91,rice,medium
628,23.63,56.55,7.03,819,480,67,maize,medium
595,29.94,79.03,5.52,605,975,791,wheat,medium
725,25.57,55.09,5.75,747,117,849,wheat,medium
515,27.99,53.28,5.72,675,494,972,maize,medium
563,28.67,73.75,6.79,908,537,749,maize,medium
463,32.12,55.97,5.95,650,938,886,maize,medium
763,25.9,60.03,5.9,819,859,955,wheat,medium
736,26.86,52.04,5.76,725,176,36,wheat,medium
548,20.38,61.94,6.33,932,637,342,maize,medium
653,21.07,75.38,6.27,735,438,1014,rice,medium
663,32.95,79.66,7.31,664,645,662,maize,medium
564,29.38,56.74,6.47,757,588,490,maize,medium
695,27.88,64.15,5.58,1006,858,812,wheat,medium
537,30.62,54.19,5.55,649,431,339,maize,medium
640,26.31,67.02,5.85,886,532,89,wheat,medium
639,30.98,62.66,5.98,600,757,628,rice,medium
541,28.19,51.53,6.53,896,133,330,maize,medium
637,21.64,62.09,5.64,1002,884,354,rice,medium
674,19.55,62.02,6.75,980,343,748,maize,medium
634,36.14,60.45,5.39,1007,125,490,rice,medium
775,29.45,74.3,5.8,810,24,527,wheat,medium
631,33.52,47.23,6.64,1017,847,747,maize,medium
483,25.41,63.59,6.69,669,863,872,maize,medium
647,23.19,75.45,6.45,773,955,599,rice,medium
793,26.8,61.62,5.8,767,520,620,wheat,medium
736,25.28,66.66,5.53,568,246,260,rice,medium
619,34.54,76.32,6.77,829,188,94,rice,medium
654,29.4,56.93,5.52,608,989,116,wheat,medium
610,23.97,77.18,5.28,875,652,267,rice,medium
636,24.3,75.2,6.52,629,757,823,rice,medium
509,21.56,65.82,7.45,750,668,205,maize,medium
688,22.73,61.09,5.66,992,129,664,rice,medium
462,25.28,69.04,6.76,794,697,98,maize,medium
631,26.03,69.08,5.66,813,826,955,wheat,medium
725,23.58,78.19,6.57,823,14,216,rice,medium
785,29.48,55.48,5.92,957,611,518,wheat,medium
479,23.77,59.45,5.62,831,690,583,maize,medium
659,23.39,75.02,7.12,790,172,972,maize,medium
456,32.57,45.87,7.03,1007,913,214,maize,medium
733,32.29,70.01,5.66,651,330,537,rice,medium
564,23.2,47.09,5.63,788,77,946,maize,medium
539,19.43,49.42,6.87,914,327,178,maize,medium
619,25.21,76.06,6.57,690,199,311,rice,medium
634,35.71,61.07,5.34,782,0,730,rice,medium
686,23.03,70.98,6.67,983,164,1000,rice,medium
636,28.27,73.15,6.42,823,2,371,maize,medium
624,19.79,66.84,7.18,852,316,414,maize,medium
694,35.83,62.25,6.45,549,501,717,rice,medium
678,21.28,77.25,5.7,746,775,590,rice,medium
680,28.15,53.97,5.93,951,700,927,wheat,medium
771,29.56,51.68,5.61,678,235,333,wheat,medium
720,23.09,69.25,5.33,513,391,346,rice,medium
653,28.53,77.38,5.9,593,92,339,rice,medium
634,27.05,76.85,5.91,905,633,127,wheat,medium
712,22.47,60.92,5.55,631,596,934,rice,medium
530,34.93,76.83,6.37,615,818,616,maize,medium
614,21.47,48.79,6.34,864,874,611,maize,medium
663,30.62,44.81,5.84,965,608,529,maize,medium
670,36.72,62.38,5.86,759,124,81,rice,medium
626,26.75,74.37,6.24,604,438,227,rice,medium
737,29.97,51.61,5.62,961,471,55,wheat,medium
712,27.05,66.82,6.6,728,170,294,rice,medium
678,33.92,60.63,6.34,570,247,145,rice,medium
655,27.81,73.48,5.64,667,493,816,wheat,medium
651,35.53,70.69,5.53,1020,762,430,rice,medium
625,29.77,50.55,5.56,619,983,410,wheat,medium
671,25.54,64.67,5.48,930,966,82,rice,medium
662,21.11,67.27,5.45,958,211,125,rice,medium
641,21.92,61.2,6.91,621,272,293,rice,medium
741,32.13,78.32,6.69,981,802,113,rice,medium
647,19.32,49.88,7.41,615,491,890,maize,medium
510,26.21,44.62,5.92,699,585,703,maize,medium
616,34.75,63.98,6.78,826,107,846,rice,medium
611,24.41,61.78,6.29,926,607,658,maize,medium
551,25.84,65.1,5.66,925,149,799,wheat,medium
578,20.65,43.5,6.59,1001,901,44,maize,medium
646,25.2,78.67,5.64,643,26,793,wheat,medium
646,25.22,61.77,5.59,784,68,828,wheat,medium
679,28.82,79.44,5.55,718,719,333,wheat,medium
603,31.06,65.33,6.76,696,168,680,maize,medium
670,35.97,76.17,6.25,500,572,269,rice,medium
605,26.41,71.93,5.3,625,955,208,rice,medium
546,21.34,52.0,5.97,803,55,719,maize,medium
590,27.63,71.38,5.88,919,493,186,wheat,medium
579,24.43,56.52,6.53,688,214,443,maize,medium
621,21.3,77.07,6.15,600,175,426,rice,medium
566,24.58,45.89,5.66,719,608,656,maize,medium
665,33.48,59.35,5.51,917,983,648,maize,medium
667,36.67,79.32,5.32,667,953,714,rice,medium
684,29.84,71.08,6.77,773,553,495,rice,medium
761,29.58,61.16,5.66,756,734,131,wheat,medium
631,27.51,67.37,5.79,707,264,204,wheat,medium
678,28.99,77.45,5.43,653,153,685,rice,medium
641,28.12,55.71,5.91,897,786,272,wheat,medium
675,34.61,68.67,5.68,854,711,307,rice,medium
567,28.59,72.2,6.98,788,821,829,maize,medium
678,25.26,70.21,5.7,799,156,486,wheat,medium
691,31.15,73.23,5.96,833,810,665,rice,medium
539,28.14,41.07,6.47,811,574,962,maize,medium
517,30.16,57.08,7.41,885,560,139,maize,medium
643,29.64,73.61,6.24,781,660,923,rice,medium
647,20.02,79.55,5.08,578,204,790,rice,medium
703,20.35,74.28,6.98,645,898,182,maize,medium
717,29.91,56.73,7.21,938,673,555,maize,medium
733,28.95,62.16,5.36,679,122,245,rice,medium
716,27.09,77.09,5.95,583,154,564,rice,medium
556,19.43,67.22,6.21,742,191,386,maize,medium
518,30.01,65.41,6.57,692,965,528,maize,medium
748,33.46,74.09,6.67,971,892,546,rice,medium
718,37.16,78.6,6.44,863,118,237,rice,medium
483,18.9,44.85,6.95,822,882,768,maize,medium
611,21.03,74.15,5.35,584,213,120,rice,medium
731,30.49,62.43,5.25,829,865,773,rice,medium
735,25.91,60.5,5.97,501,519,761,rice,medium
738,22.45,76.26,6.46,611,7,803,rice,medium
770,26.93,75.68,5.75,841,980,853,wheat,medium
698,25.68,76.8,5.53,942,134,904,wheat,medium
578,30.32,74.5,7.17,685,555,841,maize,medium
668,25.2,68.71,5.52,893,919,562,wheat,medium
609,32.11,63.59,5.67,556,381,38,rice,medium
765,27.38,72.5,5.89,843,351,971,wheat,medium
747,21.31,70.75,6.51,631,745,793,maize,medium
474,20.03,42.11,5.57,981,342,476,maize,medium
736,18.77,73.76,6.38,617,686,928,maize,medium
778,25.2,67.33,5.72,845,401,621,wheat,medium
637,28.09,56.94,5.94,942,435,176,wheat,medium
688,29.34,65.5,5.78,612,807,600,wheat,medium
491,28.72,59.28,6.41,878,250,309,maize,medium
664,21.72,62.27,5.84,556,111,4,rice,medium
612,25.71,70.31,5.44,749,254,587,rice,medium
557,34.38,64.13,6.25,857,638,996,maize,medium
731,32.47,41.41,6.19,853,187,328,maize,medium
481,20.73,47.68,6.57,907,844,168,maize,medium
630,23.38,59.05,7.19,862,39,923,maize,medium
698,25.42,75.13,5.37,510,619,25,rice,medium
738,25.2,64.06,5.66,836,1008,218,wheat,medium
780,26.05,56.11,5.57,788,254,67,wheat,medium
703,30.18,60.69,5.04,856,255,1007,rice,medium
646,25.43,77.4,5.77,781,283,311,wheat,medium
698,22.41,75.03,6.87,864,367,569,rice,medium
627,25.5,68.86,5.71,670,567,104,wheat,medium
700,36.73,75.96,5.41,898,772,220,rice,medium
632,26.21,78.64,5.6,950,913,847,wheat,medium
741,34.6,72.07,6.25,608,572,308,maize,medium
595,30.59,66.14,6.59,825,104,973,maize,medium
553,27.45,57.28,5.57,627,681,335,wheat,medium
675,24.15,67.39,5.58,867,250,858,rice,medium
637,27.92,54.55,5.94,648,445,293,wheat,medium
700,27.1,62.32,5.85,798,214,897,wheat,medium
498,29.76,41.54,6.82,1014,366,167,maize,medium
647,27.57,78.2,6.0,879,473,79,rice,medium
634,31.56,58.28,7.23,1013,419,706,maize,medium
763,28.45,79.9,5.93,723,816,587,wheat,medium
645,32.92,73.06,5.91,683,206,150,maize,medium
615,29.23,69.39,5.58,832,402,413,rice,medium
594,25.96,58.94,5.56,907,18,364,wheat,medium
593,26.14,59.98,5.58,633,705,324,wheat,medium
504,34.8,47.17,6.47,977,393,521,maize,medium
701,26.33,70.43,6.41,692,603,880,rice,medium
677,23.32,60.44,5.08,568,57,696,rice,medium
661,28.42,68.57,6.21,646,483,305,rice,medium
740,33.71,68.66,6.79,877,619,265,rice,medium
694,35.97,66.72,6.79,591,126,79,rice,medium
605,29.65,66.42,5.53,624,155,516,wheat,medium
669,27.36,78.56,5.66,618,383,864,wheat,medium
730,34.77,68.95,5.78,652,638,236,rice,medium
654,21.34,77.39,5.23,683,950,367,rice,medium
764,26.96,60.42,5.63,800,848,508,wheat,medium
615,29.69,67.11,5.84,641,41,314,wheat,medium
619,34.19,70.68,5.05,518,528,836,rice,medium
716,37.21,77.65,5.47,923,428,387,rice,medium
779,25.65,75.35,5.53,884,968,195,wheat,medium
601,29.81,79.61,6.53,867,209,528,maize,medium
735,31.13,55.38,5.84,934,287,251,maize,medium
714,31.29,71.76,6.47,813,794,210,maize,medium
658,29.05,56.73,5.62,728,521,46,wheat,medium
672,25.05,65.33,5.82,745,879,941,wheat,medium
709,27.86,54.18,5.93,681,427,583,wheat,medium
703,29.22,45.26,6.28,992,1018,712,maize,medium
634,29.91,73.8,6.03,666,467,959,rice,medium
702,29.45,55.19,5.58,758,278,815,wheat,medium
697,26.15,74.65,5.55,816,0,134,wheat,medium
734,25.24,71.33,5.97,897,357,379,wheat,medium
595,31.25,65.64,6.54,616,195,326,maize,medium
661,20.05,67.62,6.7,618,673,709,rice,medium
494,30.57,73.66,5.92,677,325,689,maize,medium
452,20.27,42.91,7.41,931,92,687,maize,medium
594,28.54,45.03,6.59,830,599,528,maize,medium
601,26.07,71.12,5.71,818,716,722,wheat,medium
726,24.65,78.19,7.45,858,323,1016,maize,medium
700,21.22,65.34,5.63,972,295,460,rice,medium
667,33.44,72.89,5.03,919,743,240,rice,medium
698,31.44,75.55,6.99,565,819,347,rice,medium
621,25.47,65.88,6.62,941,395,727,rice,medium
518,29.78,49.01,7.47,780,492,267,maize,medium
612,36.47,75.04,5.31,835,639,172,rice,medium
634,28.54,71.59,5.67,616,183,905,rice,medium
565,26.82,49.31,5.6,926,1004,65,maize,medium
519,21.09,52.91,6.51,1008,395,710,maize,medium
588,29.64,71.23,5.93,690,749,69,wheat,medium
615,31.74,44.56,7.04,851,368,860,maize,medium
521,27.82,58.33,6.79,838,132,998,maize,medium
567,28.19,63.05,5.54,919,649,590,wheat,medium
719,27.16,56.61,6.0,615,821,357,wheat,medium
612,26.31,66.68,6.55,914,836,374,maize,medium
641,29.34,68.78,5.91,946,861,313,wheat,medium
727,28.01,62.67,6.8,952,470,987,rice,medium
675,34.48,60.28,6.41,746,904,575,maize,medium
642,29.29,63.1,5.59,981,2,1015,wheat,medium
613,28.01,79.95,5.83,802,410,992,wheat,medium
570,27.04,50.65,5.67,763,970,110,wheat,medium
631,29.4,66.18,5.76,1011,614,896,wheat,medium
730,30.78,48.51,6.68,985,209,125,maize,medium
785,27.96,75.75,5.91,1017,187,229,wheat,medium
738,29.73,61.94,5.64,684,48,494,wheat,medium
619,29.57,69.85,5.99,817,700,980,wheat,medium
689,32.88,66.31,5.54,770,122,655,rice,medium
600,20.21,74.31,5.28,707,310,746,rice,medium
598,32.78,60.04,6.97,917,1018,357,maize,medium
623,33.94,57.85,6.2,798,831,485,maize,medium
620,24.58,60.5,6.26,747,787,263,rice,medium
657,30.9,70.54,6.26,770,605,665,rice,medium
687,27.91,55.65,5.59,973,548,341,wheat,medium
620,27.94,50.52,5.92,1011,431,677,wheat,medium
613,37.97,65.68,6.08,715,972,601,rice,medium
478,30.5,63.23,6.75,814,220,388,maize,medium
641,23.71,62.52,5.7,572,884,922,rice,medium
578,19.32,53.73,6.53,724,66,5,maize,medium
724,25.8,61.42,6.55,581,598,1,rice,medium
753,28.36,78.51,5.75,811,576,960,wheat,medium
658,25.34,78.16,5.57,704,494,770,maize,medium
595,28.87,68.64,5.61,900,921,844,wheat,medium
623,22.6,70.01,6.52,515,570,976,rice,medium
692,21.96,67.34,5.81,866,704,846,maize,medium
667,23.26,56.22,6.4,993,74,977,maize,medium
552,33.4,73.32,5.61,638,258,715,maize,medium
556,29.39,78.42,5.6,601,1000,894,wheat,medium
731,29.82,63.8,6.37,832,0,187,rice,medium
605,25.36,60.07,5.91,816,591,825,wheat,medium
532,31.52,45.21,5.78,706,108,371,maize,medium
650,25.49,77.71,5.58,780,465,433,wheat,medium
618,24.22,48.73,5.96,899,614,558,maize,medium
588,25.51,62.93,5.59,787,670,242,wheat,medium
672,27.65,63.67,5.68,675,237,909,rice,medium
608,28.43,53.95,5.61,601,754,296,wheat,medium
760,29.29,63.45,5.91,628,390,269,wheat,medium
796,25.39,52.95,5.79,631,73,170,wheat,medium
630,29.76,68.72,5.62,699,657,8,wheat,medium
661,36.42,74.42,6.27,642,389,631,rice,medium
619,18.48,65.07,6.25,771,230,719,maize,medium
524,29.09,63.84,6.31,919,101,428,maize,medium
659,33.51,40.28,5.85,912,997,460,maize,medium
718,31.93,78.32,6.93,597,235,900,rice,medium
717,37.79,61.24,5.69,788,637,578,rice,medium
579,26.07,56.11,5.89,852,797,904,wheat,medium
729,37.66,68.32,6.26,640,742,299,rice,medium
612,31.95,42.8,6.06,896,171,575,maize,medium
630,30.45,69.93,6.86,557,105,811,rice,medium
705,34.72,70.11,6.22,885,70,766,maize,medium
717,29.63,69.49,6.99,625,407,564,rice,medium
642,27.03,76.27,6.78,983,449,522,rice,medium
595,20.45,40.67,5.69,877,692,698,maize,medium
563,23.87,64.88,5.85,697,824,878,maize,medium
672,23.46,73.29,6.43,827,210,726,rice,medium
639,31.38,70.5,5.87,912,166,699,rice,medium
718,25.73,58.08,5.94,615,790,646,wheat,medium
475,21.02,57.61,6.2,972,964,688,maize,medium
575,27.99,50.88,5.87,706,790,864,wheat,medium
617,23.68,67.17,6.25,921,897,368,rice,medium
583,31.61,68.75,6.4,1010,424,71,maize,medium
673,21.47,65.01,5.44,649,245,773,rice,medium
475,27.06,61.72,6.76,750,943,454,maize,medium
703,21.78,68.94,6.25,1000,694,250,rice,medium
558,25.82,77.8,5.7,650,185,33,wheat,medium
584,27.59,79.54,5.54,925,758,431,wheat,medium
741,27.93,78.98,5.55,971,459,132,wheat,medium
588,22.92,78.91,6.46,691,574,28,maize,medium
659,19.71,40.99,6.52,807,943,23,maize,medium
548,27.07,72.02,7.49,628,930,495,maize,medium
795,25.21,77.75,5.6,807,841,944,wheat,medium
641,29.94,50.75,6.1,921,165,542,maize,medium
714,27.34,73.0,6.96,803,832,436,rice,medium
743,31.09,56.01,7.12,961,378,197,maize,medium
796,28.86,76.93,5.74,726,378,679,wheat,medium
799,29.68,73.74,5.91,847,301,725,wheat,medium
668,25.2,61.0,6.9,922,605,173,rice,medium
614,34.71,60.11,6.57,976,129,999,maize,medium
554,18.24,63.97,5.6,657,388,691,maize,medium
684,28.27,61.44,6.0,885,632,927,rice,medium
625,28.74,72.97,5.3,512,914,907,rice,medium
597,25.79,65.55,5.98,860,993,789,wheat,medium
654,18.53,64.89,5.74,1014,68,471,maize,medium
703,33.56,70.94,5.26,1007,15,497,rice,medium
654,32.51,43.97,7.21,853,727,879,maize,medium
646,28.06,60.32,5.2,1006,991,1009,rice,medium
564,26.17,57.07,5.82,768,329,279,wheat,medium
648,26.93,60.89,5.84,810,527,226,rice,medium
628,33.66,70.12,5.21,652,788,400,rice,medium
622,29.24,70.71,6.9,657,786,692,rice,medium
702,26.14,66.77,6.61,987,529,72,rice,medium
616,36.52,72.09,6.82,701,343,852,rice,medium
460,23.19,58.43,5.84,982,880,591,maize,medium
556,26.62,66.55,5.77,611,802,752,wheat,medium
570,29.83,57.75,5.69,896,133,983,wheat,medium
626,33.67,74.19,5.41,758,979,965,rice,medium
702,26.1,64.1,6.13,725,942,462,rice,medium
686,32.49,74.98,5.9,901,766,633,maize,medium
630,25.75,62.53,6.81,772,909,231,rice,medium
623,36.99,67.53,6.95,787,627,337,rice,medium
486,29.94,79.57,6.82,1003,181,873,maize,medium
685,20.94,60.08,5.23,932,495,998,rice,medium
549,30.37,63.53,5.73,700,676,462,maize,medium
578,27.7,50.54,5.54,870,243,387,wheat,medium
649,22.02,70.66,6.7,1003,705,122,rice,medium
685,29.38,55.04,5.89,649,909,117,wheat,medium
736,37.03,70.8,6.16,577,951,411,rice,medium
674,20.58,74.47,6.49,710,559,85,rice,medium
748,22.79,64.98,5.6,640,68,259,rice,medium
769,27.44,79.6,5.7,700,660,953,wheat,medium
745,20.95,61.09,6.25,594,225,517,rice,medium
663,18.17,62.87,7.26,921,769,398,maize,medium
700,27.54,53.3,5.75,741,427,157,wheat,medium
711,22.37,44.04,5.69,957,289,679,maize,medium
496,18.04,45.65,6.78,873,555,843,maize,medium
656,37.19,60.03,6.22,969,745,674,rice,medium
715,37.06,66.74,5.52,965,731,279,rice,medium
685,27.48,62.03,5.56,699,260,992,wheat,medium
598,26.34,66.97,5.76,881,440,292,wheat,medium
675,24.15,72.37,6.31,958,475,510,maize,medium
652,22.18,75.61,6.97,611,408,6,rice,medium
679,33.49,46.98,6.61,849,915,594,maize,medium
723,31.71,77.88,6.73,954,365,289,rice,medium
507,26.5,46.77,6.33,772,233,792,maize,medium
715,21.65,77.84,6.11,834,335,538,rice,medium
653,25.58,51.12,5.69,883,212,634,wheat,medium
788,29.95,64.19,5.94,621,770,868,wheat,medium
704,28.32,61.02,6.81,720,378,221,rice,medium
707,33.78,61.98,5.63,825,235,182,maize,medium
749,26.28,75.31,5.68,835,126,103,wheat,medium
746,29.16,67.68,5.12,1009,551,799,rice,medium
616,27.78,69.04,6.93,875,86,418,rice,medium
691,34.18,74.72,6.14,880,322,763,maize,medium
645,20.32,60.43,6.41,801,37,135,rice,medium
603,27.52,60.89,5.51,678,747,894,wheat,medium
566,29.44,71.85,5.74,820,8,800,wheat,medium
562,30.3,65.91,6.65,865,773,759,maize,medium
564,26.66,54.38,6.59,901,391,521,maize,medium
750,29.75,64.0,5.7,1008,688,176,wheat,medium
666,30.19,60.35,6.58,817,717,998,maize,medium
605,25.84,63.82,5.59,885,779,1015,wheat,medium
634,31.61,76.49,6.3,579,646,21,rice,medium
674,22.56,47.01,7.5,606,639,1018,maize,medium
604,28.88,63.43,5.72,832,353,1004,wheat,medium
741,32.42,61.66,7.31,1014,92,625,maize,medium
627,34.41,70.07,6.26,775,681,139,rice,medium
650,26.69,77.37,5.97,946,664,332,wheat,medium
796,28.71,79.04,5.91,962,821,388,wheat,medium
690,27.65,57.4,5.51,926,421,479,wheat,medium
666,37.85,76.66,5.53,881,391,976,rice,medium
601,28.75,79.72,5.85,967,237,381,wheat,medium
604,23.6,74.28,6.38,968,575,634,maize,medium
770,27.92,69.81,5.98,975,503,903,wheat,medium
637,29.22,60.96,6.88,943,331,502,rice,medium
528,21.39,55.42,6.35,944,102,401,maize,medium
605,37.79,61.16,5.93,729,1015,181,rice,medium
698,20.67,70.67,7.4,695,893,857,maize,medium
693,30.26,75.27,7.38,931,500,603,maize,medium
669,30.12,62.29,6.11,720,975,437,rice,medium
645,32.85,73.14,5.5,833,38,292,rice,medium
674,31.2,65.76,5.86,533,241,966,rice,medium
721,27.75,78.13,5.64,617,984,700,rice,medium
680,26.15,79.46,5.84,727,875,157,wheat,medium
616,37.07,74.05,5.97,544,107,218,rice,medium
626,31.03,72.96,6.82,957,837,378,maize,medium
782,28.57,65.51,5.96,831,871,949,wheat,medium
639,30.66,72.45,5.96,582,302,261,rice,medium
565,27.46,61.51,5.98,894,511,688,wheat,medium
686,23.08,48.71,6.32,763,788,292,maize,medium
565,24.32,48.87,5.55,808,604,93,maize,medium
674,34.72,41.44,7.18,634,446,451,maize,medium
777,27.8,60.47,5.64,828,934,343,wheat,medium
629,29.37,52.73,5.52,727,701,908,wheat,medium
630,33.09,63.11,6.96,695,842,28,rice,medium
615,32.17,74.6,6.82,576,228,961,rice,medium
640,36.23,60.18,6.85,825,362,668,rice,medium
643,28.32,72.2,5.88,764,572,603,maize,medium
629,28.91,71.18,5.17,509,91,138,rice,medium
774,26.59,58.84,5.74,794,465,1000,wheat,medium
630,26.59,75.1,5.11,1008,152,513,rice,medium
709,24.06,62.4,6.89,688,665,950,maize,medium
613,23.05,79.5,6.27,839,412,731,rice,medium
457,27.67,77.68,7.26,678,597,635,maize,medium
651,29.38,58.83,6.32,888,900,729,maize,medium
526,31.44,52.07,6.41,838,626,318,maize,medium
712,33.48,62.35,5.54,655,683,476,rice,medium
720,27.91,67.89,5.77,939,447,202,wheat,medium
720,28.54,76.37,5.52,855,215,971,rice,medium
492,21.32,64.22,5.67,892,133,320,maize,medium
733,29.55,71.8,6.33,578,857,967,rice,medium
650,25.5,73.04,6.05,605,192,315,rice,medium
645,23.09,73.86,6.62,669,1009,550,rice,medium
588,31.9,77.19,6.6,913,183,663,maize,medium
650,33.42,43.42,6.67,787,385,229,maize,medium
614,34.29,77.89,5.99,702,782,620,rice,medium
715,33.04,77.84,5.38,570,910,913,rice,medium
681,25.77,64.79,5.36,542,665,838,rice,medium
715,25.33,66.79,5.86,975,768,466,wheat,medium
662,30.69,70.27,7.29,982,395,789,maize,medium
697,25.76,60.37,5.57,869,291,452,wheat,medium
652,19.08,74.35,5.76,879,716,663,maize,medium
625,20.78,77.52,5.52,662,810,540,rice,medium
714,27.65,58.92,5.7,884,938,386,wheat,medium
737,34.22,73.54,5.44,915,799,425,rice,medium
709,28.6,68.3,5.68,705,129,848,wheat,medium
719,33.42,66.06,5.76,609,560,640,rice,medium
522,22.54,49.09,5.99,644,451,904,maize,medium
704,27.9,62.61,5.44,666,712,645,rice,medium
660,29.99,58.74,5.99,871,896,370,maize,medium
636,36.0,60.7,6.49,691,729,213,rice,medium
661,20.31,77.16,6.1,738,531,699,rice,medium
531,18.19,46.2,6.33,636,643,588,maize,medium
538,21.02,57.68,7.28,775,544,569,maize,medium
760,28.95,75.6,5.82,993,832,41,wheat,medium
684,27.81,80.0,6.5,1005,917,319,rice,medium
590,27.94,78.89,5.59,704,901,886,wheat,medium
711,30.0,58.41,5.64,906,699,581,wheat,medium
742,22.85,76.23,7.09,613,163,419,maize,medium
694,32.98,44.51,6.16,627,707,445,maize,medium
650,25.17,69.07,6.47,1021,105,678,rice,medium
759,27.13,67.97,5.78,787,316,915,wheat,medium
737,34.01,77.24,6.88,853,742,316,rice,medium
559,26.52,59.51,5.7,679,782,752,wheat,medium
477,34.35,43.92,6.13,968,865,908,maize,medium
741,21.99,69.29,5.44,622,319,798,rice,medium
630,28.7,60.01,5.71,914,945,708,wheat,medium
647,18.89,71.82,5.53,729,292,896,maize,medium
681,27.68,67.93,5.97,814,459,457,wheat,medium
633,37.55,64.31,6.93,629,349,705,rice,medium
481,21.63,56.2,6.85,905,908,526,maize,medium
602,26.62,60.9,5.97,746,1006,165,wheat,medium
672,28.35,67.57,5.64,937,824,177,wheat,medium
673,33.41,66.62,6.03,567,444,444,rice,medium
669,21.29,78.63,5.45,644,274,508,rice,medium
669,25.89,65.5,6.26,603,74,127,rice,medium
648,19.22,78.31,7.32,625,425,680,maize,medium
472,30.16,52.26,6.13,672,667,588,maize,medium
630,31.16,77.12,5.68,796,111,961,rice,medium
679,21.25,50.62,7.04,704,704,1000,maize,medium
623,26.61,78.3,5.73,930,269,549,wheat,medium
739,26.45,70.2,5.3,752,680,962,rice,medium
734,33.81,59.67,6.27,909,30,825,maize,medium
553,18.06,56.87,6.14,852,18,711,maize,medium
735,31.58,61.05,5.53,964,227,912,rice,medium
741,35.33,68.32,5.97,638,275,290,rice,medium
502,22.96,55.17,5.85,754,683,935,maize,medium
496,31.81,46.89,7.23,939,507,835,maize,medium
738,20.71,72.98,5.81,576,815,767,rice,medium
551,29.12,46.36,6.52,687,722,880,maize,medium
626,25.25,61.48,5.78,981,981,716,wheat,medium
507,28.08,40.19,6.58,742,351,544,maize,medium
694,29.41,71.33,5.57,902,623,655,wheat,medium
743,26.21,52.79,5.95,724,267,595,wheat,medium
465,28.9,51.71,6.33,648,306,245,maize,medium
738,34.47,74.83,7.37,691,509,790,maize,medium
693,26.52,69.42,6.32,563,229,941,rice,medium
733,29.25,55.02,5.65,789,984,563,wheat,medium
537,18.66,61.46,5.89,927,792,557,maize,medium
622,29.21,62.88,5.65,944,519,271,wheat,medium
715,34.44,73.88,5.7,809,781,291,rice,medium
759,27.02,71.17,5.73,710,320,730,wheat,medium
506,21.18,70.67,7.16,656,375,348,maize,medium
720,27.07,49.65,5.5,619,932,642,maize,medium
622,29.03,55.75,5.64,878,762,468,wheat,medium
743,24.34,67.13,5.16,551,208,549,rice,medium
649,29.08,73.78,5.98,767,822,620,wheat,medium
656,18.68,55.34,7.47,1019,754,639,maize,medium
704,25.12,71.74,6.17,863,970,651,rice,medium
739,26.32,66.13,5.72,939,536,267,wheat,medium
698,26.97,54.52,5.82,789,510,88,wheat,medium
698,33.13,64.1,5.04,780,442,839,rice,medium
618,27.64,64.51,5.96,717,605,433,wheat,medium
743,34.45,77.99,5.49,844,399,206,rice,medium
689,25.11,72.68,5.87,682,398,850,rice,medium
671,28.96,63.66,5.31,996,327,987,rice,medium
622,31.22,70.07,5.15,820,323,383,rice,medium
612,28.19,72.15,5.78,814,191,671,wheat,medium
665,27.16,69.44,5.74,751,748,599,wheat,medium
460,28.52,43.43,6.12,672,51,639,maize,medium
627,28.14,66.19,5.09,728,765,988,rice,medium
659,29.12,78.71,6.05,803,52,973,maize,medium
503,22.45,41.13,5.63,865,521,495,maize,medium
588,28.62,53.15,5.61,898,462,724,wheat,medium
601,28.94,59.81,5.66,830,873,380,wheat,medium
641,25.57,64.76,5.89,1007,434,441,wheat,medium
767,27.41,58.34,5.54,661,1009,874,wheat,medium
691,25.83,46.49,6.84,887,85,233,maize,medium
656,23.55,74.73,6.97,630,802,992,rice,medium
726,31.17,77.34,6.03,762,782,887,maize,medium
545,21.72,64.71,6.39,682,224,411,maize,medium
772,26.4,67.53,5.91,746,106,381,wheat,medium
614,33.16,74.74,5.58,709,603,636,rice,medium
522,28.39,45.28,6.75,677,859,185,maize,medium
637,29.52,60.39,5.91,748,730,121,wheat,medium
760,25.5,69.58,5.98,681,491,355,wheat,medium
616,37.67,66.3,5.27,829,408,990,rice,medium
560,20.99,50.19,5.79,799,98,538,maize,medium
688,33.63,76.2,6.52,1002,707,808,rice,medium
650,28.38,74.69,5.53,858,649,613,rice,medium
677,36.47,69.81,5.59,698,210,286,rice,medium
629,31.51,46.83,6.41,647,108,295,maize,medium
555,25.74,66.97,5.81,912,784,243,wheat,medium
670,36.42,64.89,6.89,879,364,601,rice,medium
685,24.59,70.93,6.72,545,503,273,rice,medium
492,18.16,41.84,6.38,928,186,542,maize,medium
605,26.05,74.75,6.73,816,910,1,maize,medium
573,28.9,68.0,5.51,879,666,164,wheat,medium
779,25.28,66.06,5.74,664,887,515,wheat,medium
906,29.4,88.66,6.33,994,73,186,rice,high
811,27.54,89.68,6.48,620,140,264,rice,high
638,23.26,58.18,6.78,914,567,798,maize,high
786,26.91,80.21,5.89,977,324,441,rice,high
535,21.23,50.59,5.98,902,497,848,maize,high
907,29.32,89.86,6.26,888,37,24,rice,high
653,21.05,60.55,6.86,997,157,568,maize,high
926,34.28,81.54,6.45,867,68,727,rice,high
883,26.06,74.05,5.99,833,642,48,rice,high
896,29.87,83.15,5.86,744,955,365,rice,high
660,23.88,68.27,6.06,831,554,56,wheat,high
799,32.89,89.37,5.53,870,416,847,rice,high
888,28.63,89.8,5.57,973,79,605,rice,high
664,18.21,54.65,7.3,789,475,572,wheat,high
614,15.68,54.29,6.29,886,542,218,wheat,high
761,30.73,87.37,5.72,836,738,180,rice,high
560,23.52,51.0,6.08,1008,758,472,maize,high
908,26.43,86.76,6.01,718,382,16,rice,high
574,22.68,59.42,6.35,743,879,114,maize,high
776,28.29,80.43,5.54,935,980,921,rice,high
620,27.6,68.92,6.98,850,374,569,maize,high
812,32.04,81.27,5.95,1020,321,912,rice,high
684,19.93,53.78,6.87,702,617,363,wheat,high
571,20.99,52.42,6.53,895,669,1011,maize,high
890,30.89,79.19,5.59,703,853,849,rice,high
810,30.61,77.18,6.19,888,461,79,rice,high
610,17.86,63.0,6.64,876,125,493,wheat,high
546,25.6,66.25,6.69,823,473,133,maize,high
606,22.5,63.81,5.88,723,565,885,maize,high
696,25.85,59.91,6.42,916,182,568,maize,high
744,15.9,57.12,6.65,957,532,978,wheat,high
520,26.88,55.98,6.84,813,299,671,maize,high
509,26.16,53.76,6.33,728,948,627,maize,high
800,30.54,84.95,6.03,673,686,1001,rice,high
933,32.03,74.48,5.72,785,478,570,rice,high
600,23.97,54.55,6.32,800,188,988,wheat,high
621,27.75,65.07,6.34,876,386,470,maize,high
834,32.61,86.84,5.67,822,212,281,rice,high
640,19.59,59.94,7.02,729,1006,758,wheat,high
559,29.84,56.41,6.95,874,944,789,maize,high
677,21.11,68.03,6.06,755,306,869,wheat,high
666,23.34,50.77,6.78,780,30,984,maize,high
861,28.98,83.68,6.0,673,552,478,rice,high
576,24.47,52.76,6.21,787,620,991,maize,high
640,26.79,69.23,6.31,767,572,955,maize,high
570,21.09,56.74,6.28,986,955,913,maize,high
595,20.78,67.01,5.89,825,455,462,maize,high
731,23.33,52.6,6.19,822,793,896,wheat,high
503,22.54,61.23,6.86,900,787,527,maize,high
748,19.94,65.39,7.44,782,61,798,wheat,high
541,22.39,51.13,6.74,815,217,648,maize,high
605,25.6,57.1,6.67,926,480,753,maize,high
740,19.28,57.68,6.41,789,814,917,wheat,high
910,33.4,85.99,6.2,671,809,996,rice,high
758,27.92,85.66,6.37,619,489,744,rice,high
669,19.59,68.84,6.36,784,386,86,wheat,high
550,25.73,67.11,6.4,923,420,492,maize,high
870,26.89,81.04,6.01,709,866,36,rice,high
570,27.21,67.88,6.4,732,568,165,maize,high
685,15.94,62.45,7.43,733,9,591,wheat,high
663,16.69,64.29,6.87,759,435,96,wheat,high
768,28.94,73.28,5.5,872,939,1016,rice,high
794,29.17,80.92,6.23,600,203,517,rice,high
540,28.4,67.9,6.67,1021,338,437,maize,high
938,28.74,84.96,5.73,782,679,978,rice,high
681,22.87,68.29,6.47,931,783,1022,wheat,high
679,23.81,62.05,7.21,1019,367,344,wheat,high
637,19.73,62.77,6.06,776,656,740,wheat,high
563,29.62,63.53,6.03,968,168,770,maize,high
782,30.13,87.9,6.15,809,945,28,rice,high
538,25.77,60.55,5.85,746,66,196,maize,high
641,28.83,52.09,6.91,754,137,472,maize,high
826,28.33,75.99,5.94,916,597,767,rice,high
717,17.0,61.84,6.48,878,756,122,wheat,high
835,30.69,86.35,6.31,867,259,372,rice,high
844,29.77,71.73,6.14,815,510,580,rice,high
818,30.0,76.27,5.86,807,212,833,rice,high
509,28.71,65.4,6.21,747,621,199,maize,high
920,34.86,88.75,6.01,952,156,260,rice,high
676,17.67,53.45,7.39,928,162,14,wheat,high
944,25.94,85.2,6.27,915,485,807,rice,high
673,22.38,67.65,6.21,999,142,992,wheat,high
714,23.45,55.29,7.35,777,672,516,wheat,high
677,21.45,50.98,6.53,875,565,899,wheat,high
594,28.41,57.34,5.84,1016,813,821,maize,high
573,20.72,54.47,6.94,918,961,364,maize,high
688,29.86,68.62,6.46,996,927,21,maize,high
861,34.03,72.83,5.64,674,720,182,rice,high
678,25.42,52.82,6.43,837,857,897,maize,high
829,33.75,80.81,6.06,1002,539,71,rice,high
613,16.63,52.67,7.01,923,631,178,wheat,high
781,28.77,71.88,5.94,788,577,809,rice,high
675,21.88,58.51,6.19,870,316,173,wheat,high
838,33.82,74.73,6.39,614,687,455,rice,high
512,23.92,63.19,6.66,717,433,287,maize,high
749,18.78,64.38,6.15,1018,437,540,wheat,high
771,27.49,77.35,5.82,801,466,100,rice,high
820,32.5,88.72,5.94,797,839,227,rice,high
524,26.38,55.87,6.14,851,210,301,maize,high
585,25.0,57.84,6.61,733,259,233,maize,high
502,29.34,52.94,6.04,1013,363,982,maize,high
893,33.01,83.74,5.95,774,843,324,rice,high
600,29.91,60.13,6.1,855,866,921,maize,high
870,29.15,80.14,6.12,816,567,30,rice,high
600,25.87,63.07,6.55,935,106,190,maize,high
767,28.81,84.82,5.91,844,994,861,rice,high
675,24.44,61.21,6.5,725,431,159,wheat,high
583,24.13,67.53,6.05,891,174,0,maize,high
730,21.06,57.66,7.04,906,616,317,wheat,high
784,29.4,79.83,5.57,710,716,895,rice,high
650,23.66,68.26,6.05,869,989,297,wheat,high
634,27.9,59.91,6.15,894,233,367,maize,high
682,22.31,53.93,5.96,923,591,745,maize,high
874,30.75,78.12,5.9,963,201,881,rice,high
645,29.84,61.99,6.16,764,490,646,maize,high
640,18.29,67.43,6.92,921,369,367,wheat,high
679,22.24,58.32,6.27,726,394,473,maize,high
616,20.13,59.88,6.85,907,618,145,wheat,high
610,24.82,66.51,6.49,947,162,883,maize,high
922,29.91,84.42,6.35,992,971,910,rice,high
520,28.85,54.42,6.49,755,982,332,maize,high
876,25.44,73.48,6.49,1008,502,726,rice,high
591,24.92,58.26,6.86,895,526,768,maize,high
884,25.02,83.93,5.74,942,428,234,rice,high
692,19.11,64.24,6.97,751,80,35,wheat,high
666,23.53,65.45,7.3,842,355,708,wheat,high
708,24.77,58.9,6.06,719,126,204,wheat,high
628,24.98,50.97,7.33,940,265,693,wheat,high
854,27.1,88.18,5.65,772,157,171,rice,high
804,31.64,74.26,5.85,753,462,366,rice,high
637,23.94,63.39,6.79,871,761,189,wheat,high
623,16.29,61.97,6.7,833,54,988,wheat,high
628,19.2,69.65,7.34,815,948,669,wheat,high
502,29.06,53.07,6.42,997,361,588,maize,high
726,21.15,58.94,7.13,732,467,319,wheat,high
887,28.23,76.66,6.34,863,796,94,rice,high
790,31.87,82.56,6.41,777,936,193,rice,high
880,27.1,88.26,5.96,811,664,669,rice,high
605,23.45,52.04,6.99,979,439,947,maize,high
547,28.21,63.48,5.91,830,504,589,maize,high
503,28.43,60.44,6.28,828,502,199,maize,high
693,28.03,64.46,6.13,934,713,790,maize,high
880,28.36,79.63,6.09,970,941,161,rice,high
600,20.11,66.43,6.73,943,489,760,maize,high
690,28.51,55.38,6.73,710,922,11,maize,high
506,29.8,50.82,6.12,971,498,507,maize,high
632,16.01,50.62,7.06,776,890,501,wheat,high
832,26.76,84.17,6.46,932,603,0,rice,high
678,23.36,59.61,6.08,995,790,323,maize,high
603,24.49,69.31,6.25,805,577,442,wheat,high
756,28.33,81.84,5.95,953,74,801,rice,high
660,27.33,66.67,6.62,886,865,891,maize,high
828,30.33,89.08,6.43,616,955,264,rice,high
863,26.06,83.55,6.18,696,886,94,rice,high
669,15.52,67.25,7.33,908,883,765,wheat,high
505,21.34,68.27,6.18,774,636,699,maize,high
940,30.85,89.78,6.32,997,344,583,rice,high
667,24.11,58.56,7.44,928,833,857,wheat,high
799,30.0,89.5,5.81,709,277,835,rice,high
768,32.4,86.71,5.81,909,408,111,rice,high
617,24.89,69.7,7.02,981,958,991,wheat,high
907,26.27,87.48,6.43,906,353,392,rice,high
601,20.61,65.81,6.71,833,442,835,wheat,high
508,26.91,67.51,6.28,825,745,572,maize,high
800,25.36,84.46,6.05,790,890,439,rice,high
686,23.21,60.68,6.1,832,871,634,maize,high
547,21.06,59.99,6.65,734,931,581,maize,high
920,31.78,80.12,6.07,694,880,296,rice,high
680,18.76,51.05,6.54,1018,866,348,wheat,high
936,31.19,74.78,6.15,1002,822,630,rice,high
873,34.1,74.76,6.48,940,471,792,rice,high
682,17.24,69.82,6.51,820,582,528,wheat,high
721,18.3,52.7,6.03,1006,804,209,wheat,high
939,27.31,85.4,5.85,804,924,415,rice,high
679,15.66,58.15,6.29,718,164,524,wheat,high
589,22.55,51.17,5.95,734,870,265,maize,high
727,16.74,50.32,7.14,952,11,400,wheat,high
547,25.07,56.27,6.48,968,916,297,maize,high
560,28.71,51.95,6.03,735,270,960,maize,high
524,23.6,61.79,5.95,880,718,855,maize,high
748,20.27,52.22,6.49,988,308,58,wheat,high
668,16.02,50.11,6.07,814,183,791,wheat,high
815,29.12,83.72,5.83,892,292,484,rice,high
730,24.13,68.43,7.2,922,785,889,wheat,high
647,17.52,62.27,7.47,828,372,567,wheat,high
625,21.83,50.44,6.71,808,210,446,maize,high
673,21.57,62.23,6.55,882,633,333,wheat,high
628,20.89,64.84,6.78,911,183,94,wheat,high
516,23.98,56.71,5.83,965,646,655,maize,high
618,18.29,66.95,6.88,904,572,761,wheat,high
541,20.75,69.39,6.41,750,675,91,maize,high
687,16.89,66.83,7.16,868,565,897,wheat,high
640,15.2,60.27,6.72,747,4,971,wheat,high
750,27.01,77.42,5.68,1014,626,706,rice,high
686,19.77,50.58,6.41,846,322,121,wheat,high
586,23.81,53.44,5.89,763,346,819,maize,high
725,18.41,64.23,6.82,852,491,916,wheat,high
849,34.04,74.37,5.61,668,397,756,rice,high
708,20.66,55.69,6.6,717,881,340,wheat,high
656,20.76,52.5,6.25,947,729,372,wheat,high
660,27.53,50.66,6.77,808,820,397,maize,high
765,25.49,81.42,6.35,867,127,837,rice,high
746,17.82,51.03,6.8,949,703,23,wheat,high
743,17.33,60.34,6.68,866,936,347,wheat,high
580,26.18,53.13,5.94,1008,990,797,maize,high
698,19.69,55.55,6.44,927,422,71,wheat,high
617,18.24,51.33,6.88,877,733,926,wheat,high
691,21.71,55.83,7.05,879,237,134,wheat,high
858,25.9,84.6,6.46,864,111,762,rice,high
701,18.58,66.14,6.41,870,374,556,wheat,high
624,25.38,54.19,6.35,737,564,529,maize,high
787,30.23,89.95,5.84,634,726,730,rice,high
659,24.55,56.36,7.33,908,936,130,wheat,high
741,21.3,58.38,7.36,886,483,679,wheat,high
800,31.98,87.56,5.5,804,766,949,rice,high
610,15.46,59.94,6.4,728,717,1004,wheat,high
730,18.34,63.39,7.09,907,317,794,wheat,high
544,26.54,53.59,6.3,925,941,141,maize,high
885,28.1,76.29,5.74,806,855,176,rice,high
626,27.31,68.24,6.9,715,696,825,maize,high
687,24.57,69.24,6.49,923,551,496,wheat,high
681,28.04,55.05,6.99,931,382,154,maize,high
679,24.64,50.45,6.14,972,11,403,wheat,high
794,34.08,83.87,6.22,877,352,1017,rice,high
796,28.92,73.1,5.99,623,14,675,rice,high
762,25.36,85.52,5.64,977,587,163,rice,high
615,27.99,68.82,6.88,855,256,755,maize,high
661,29.94,53.4,6.47,959,1003,306,maize,high
678,21.09,63.3,7.39,823,186,773,wheat,high
906,26.16,89.4,5.86,936,340,562,rice,high
677,24.52,50.97,6.83,936,559,380,maize,high
656,19.83,57.13,6.4,879,843,573,wheat,high
618,21.57,60.75,6.31,708,968,986,maize,high
603,18.92,69.37,6.93,843,756,930,wheat,high
676,24.07,53.04,6.49,792,316,397,maize,high
567,29.56,63.23,6.68,897,485,797,maize,high
587,26.59,60.27,6.28,752,654,941,maize,high
900,28.88,88.38,5.6,962,381,560,rice,high
770,26.67,81.7,6.49,833,574,707,rice,high
526,22.57,58.39,6.6,881,568,119,maize,high
651,19.85,68.38,6.81,897,644,970,wheat,high
679,19.44,53.97,6.26,895,241,148,wheat,high
947,31.78,77.55,5.67,811,667,537,rice,high
831,32.68,75.21,6.39,648,912,62,rice,high
804,33.74,80.75,6.26,774,258,722,rice,high
655,20.1,68.14,6.28,1001,762,330,maize,high
608,18.67,50.03,6.6,881,414,793,wheat,high
772,33.23,80.27,6.38,1005,398,890,rice,high
604,24.88,57.39,5.99,787,820,948,maize,high
878,30.72,78.5,6.4,739,409,26,rice,high
628,15.15,69.92,6.24,807,219,440,wheat,high
602,23.48,62.09,6.03,789,827,921,wheat,high
949,31.87,75.21,6.17,1016,677,127,rice,high
534,28.09,59.14,6.76,843,394,110,maize,high
689,23.27,55.51,6.64,713,456,440,wheat,high
697,18.06,61.77,7.39,950,651,148,wheat,high
738,22.68,59.99,7.44,926,161,792,wheat,high
881,30.37,73.96,5.7,708,705,34,rice,high
633,20.08,68.62,6.88,710,962,677,maize,high
528,21.77,66.21,6.1,728,25,265,maize,high
674,24.98,51.2,6.06,731,585,530,maize,high
655,21.48,68.09,6.28,969,332,554,maize,high
638,28.82,63.73,6.27,960,533,981,maize,high
868,27.23,79.13,5.69,895,352,907,rice,high
879,25.12,82.51,6.02,666,454,747,rice,high
699,24.71,68.56,6.49,966,597,1023,maize,high
601,22.37,60.09,6.12,791,703,334,maize,high
835,25.68,86.31,6.22,659,481,249,rice,high
797,29.27,87.06,6.39,632,43,508,rice,high
664,29.01,63.65,6.79,987,875,736,maize,high
529,28.66,58.08,6.67,944,663,663,maize,high
937,29.25,86.32,5.65,875,839,840,rice,high
670,19.81,52.42,6.67,713,724,622,wheat,high
534,24.19,51.08,6.32,815,459,831,maize,high
651,22.61,68.63,6.72,702,171,996,wheat,high
691,22.51,69.16,6.01,767,419,613,maize,high
619,27.4,64.73,6.3,922,532,157,maize,high
591,22.53,61.81,6.1,957,676,588,maize,high
584,23.99,55.09,6.0,759,565,341,maize,high
611,20.35,56.78,7.06,961,584,685,wheat,high
763,28.39,87.3,5.64,625,564,876,rice,high
778,30.66,80.42,5.97,1018,990,308,rice,high
695,18.42,60.18,7.45,950,223,255,wheat,high
929,28.23,80.51,5.52,809,512,57,rice,high
842,32.64,77.44,5.99,702,561,373,rice,high
859,32.53,75.16,5.78,895,33,891,rice,high
794,31.05,71.69,5.59,771,288,544,rice,high
793,25.86,76.97,6.26,839,962,422,rice,high
523,29.93,51.45,5.95,754,805,329,maize,high
679,21.5,57.83,6.49,1009,895,434,wheat,high
825,31.55,85.82,5.51,964,102,959,rice,high
826,30.84,71.93,6.42,715,652,417,rice,high
849,27.42,71.36,6.38,1001,516,530,rice,high
669,26.57,50.9,6.33,737,688,341,maize,high
762,25.29,80.15,6.19,645,391,118,rice,high
914,25.64,82.82,6.07,850,761,793,rice,high
645,21.16,63.9,6.02,1019,839,2,wheat,high
527,26.49,68.34,6.22,875,113,388,maize,high
824,30.6,86.08,5.65,902,606,990,rice,high
740,23.17,68.77,7.4,797,957,846,wheat,high
615,18.56,51.22,6.01,917,398,259,wheat,high
655,16.85,53.49,6.59,756,543,1003,wheat,high
715,16.4,61.57,6.48,787,20,310,wheat,high
825,28.65,85.83,6.41,683,433,370,rice,high
647,21.27,62.57,6.96,741,997,281,wheat,high
549,27.32,67.45,6.73,934,639,103,maize,high
594,21.44,62.08,6.97,713,146,939,maize,high
838,25.38,86.73,6.12,765,938,1008,rice,high
686,20.92,57.14,7.27,841,867,102,wheat,high
633,26.68,62.87,6.53,740,775,700,maize,high
607,18.89,59.25,6.47,888,824,482,wheat,high
673,29.29,67.28,6.16,786,132,350,maize,high
512,22.46,55.49,6.49,980,865,262,maize,high
665,23.39,62.9,6.19,833,447,689,maize,high
836,32.85,83.13,5.69,706,249,948,rice,high
652,27.75,60.63,6.76,866,149,874,maize,high
686,16.16,55.5,6.89,720,288,488,wheat,high
849,31.45,78.08,6.19,772,874,200,rice,high
869,31.37,71.22,6.05,979,990,589,rice,high
678,29.43,61.75,6.78,879,575,508,maize,high
881,29.77,80.78,5.8,940,620,784,rice,high
667,21.08,68.27,6.92,779,459,60,maize,high
712,19.36,56.81,6.95,720,968,314,wheat,high
818,30.8,77.97,5.79,656,594,992,rice,high
628,22.53,52.08,5.89,810,482,406,maize,high
887,27.73,80.21,6.37,683,978,41,rice,high
806,30.08,77.99,6.31,711,764,710,rice,high
625,17.44,50.43,6.84,806,748,817,wheat,high
580,27.02,69.69,6.56,964,660,789,maize,high
517,22.57,50.6,6.35,726,468,861,maize,high
699,24.92,56.15,7.39,942,565,461,wheat,high
718,17.93,68.83,6.54,762,45,598,wheat,high
598,29.22,65.5,6.82,780,15,359,maize,high
819,27.53,71.58,6.01,864,446,289,rice,high
685,21.6,64.37,7.25,968,150,718,wheat,high
696,17.05,59.4,6.51,927,704,302,wheat,high
807,32.34,87.23,6.13,951,754,532,rice,high
651,24.33,59.76,5.89,852,359,622,maize,high
865,27.89,88.79,5.59,761,119,581,rice,high
694,18.24,52.71,7.07,702,663,400,wheat,high
858,33.11,84.63,5.72,846,433,92,rice,high
511,25.4,56.52,6.35,1004,855,61,maize,high
643,24.86,67.24,7.41,958,252,733,wheat,high
862,33.8,87.97,6.46,866,137,367,rice,high
686,26.89,55.0,6.93,768,132,699,maize,high
650,26.79,61.73,6.1,871,153,694,maize,high
547,24.81,58.1,6.54,950,873,580,maize,high
613,21.7,58.4,6.56,929,124,769,maize,high
565,27.85,62.69,6.02,976,352,67,maize,high
672,23.1,54.21,6.59,917,816,123,maize,high
636,20.57,68.67,6.16,906,39,272,wheat,high
687,24.97,60.7,6.13,765,364,820,maize,high
634,24.38,65.41,5.84,973,228,19,maize,high
502,25.46,68.69,6.51,703,192,584,maize,high
908,26.67,83.77,5.68,736,317,119,rice,high
714,17.27,69.68,6.47,747,771,739,wheat,high
609,23.1,51.87,7.26,840,317,435,wheat,high
925,31.79,88.97,6.07,891,397,1015,rice,high
611,25.12,53.24,6.29,767,381,85,maize,high
768,28.75,81.54,5.74,1016,396,895,rice,high
848,31.31,77.04,6.1,890,850,837,rice,high
917,32.9,81.12,6.13,795,544,716,rice,high
655,23.23,60.03,6.68,711,581,255,wheat,high
739,17.56,51.97,6.18,784,155,662,wheat,high
706,16.54,56.77,6.94,855,276,235,wheat,high
613,26.95,64.08,6.64,846,158,955,maize,high
624,24.5,56.15,6.04,932,827,635,maize,high
772,27.49,85.65,5.8,714,89,211,rice,high
637,16.69,52.59,7.16,915,732,14,wheat,high
602,18.31,65.31,6.27,911,522,687,wheat,high
632,29.57,54.39,6.18,772,68,390,maize,high
626,22.25,66.21,5.89,832,995,559,maize,high
616,15.24,58.36,6.12,738,356,751,wheat,high
661,15.88,64.65,7.27,704,43,567,wheat,high
541,26.26,69.38,6.75,955,465,928,maize,high
520,24.45,62.6,6.6,930,66,303,maize,high
635,22.91,56.81,6.39,948,100,701,wheat,high
845,32.66,87.73,5.99,862,618,579,rice,high
877,28.48,81.55,6.21,897,179,919,rice,high
930,29.93,89.0,6.29,626,819,657,rice,high
840,33.85,79.15,6.12,818,117,592,rice,high
669,23.44,68.09,6.27,907,622,302,wheat,high
861,34.06,73.62,6.03,828,900,220,rice,high
845,26.74,84.21,6.09,731,567,988,rice,high
686,28.43,51.17,6.71,871,474,611,maize,high
878,28.25,78.73,5.9,817,615,894,rice,high
554,22.02,65.76,5.89,887,875,661,maize,high
507,27.35,52.27,6.03,725,805,852,maize,high
623,17.85,60.63,6.76,753,927,105,wheat,high
695,19.43,67.26,6.95,804,844,203,wheat,high
607,19.93,63.08,6.85,910,748,867,wheat,high
662,15.12,61.56,6.45,1021,710,985,wheat,high
570,28.77,55.32,6.89,838,753,966,maize,high
700,22.2,62.68,6.14,949,637,922,wheat,high
681,24.61,50.45,6.39,959,602,770,maize,high
680,18.12,51.92,6.02,1009,854,229,wheat,high
838,32.02,72.13,5.55,734,540,559,rice,high
762,30.98,81.02,5.76,900,838,132,rice,high
555,25.49,58.03,6.5,725,980,315,maize,high
808,31.24,72.13,6.06,988,721,443,rice,high
920,32.01,76.65,5.79,941,804,851,rice,high
547,21.65,59.13,5.98,706,929,702,maize,high
827,25.7,71.27,6.47,643,616,159,rice,high
903,26.35,86.06,5.65,863,167,213,rice,high
899,29.38,72.38,5.85,865,408,30,rice,high
620,18.05,51.52,7.49,736,960,131,wheat,high
567,24.58,64.31,6.11,1001,3,324,maize,high
622,18.17,52.42,7.09,930,106,719,wheat,high
882,34.79,76.32,6.38,900,377,174,rice,high
944,27.91,86.28,6.11,762,437,342,rice,high
710,15.06,51.99,6.28,996,867,510,wheat,high
769,25.43,74.4,5.85,853,452,432,rice,high
538,22.1,59.29,5.89,868,996,762,maize,high
581,29.51,60.91,6.98,994,910,518,maize,high
577,26.09,53.21,6.15,987,682,76,maize,high
797,25.76,82.85,6.2,683,521,28,rice,high
547,22.76,55.08,6.06,969,427,558,maize,high
602,28.32,57.27,6.14,777,203,555,maize,high
905,26.72,84.86,5.86,657,253,179,rice,high
634,17.26,62.08,6.03,778,766,776,wheat,high
647,20.93,56.92,6.28,920,683,253,wheat,high
937,26.07,71.64,5.65,705,843,807,rice,high
518,21.16,64.67,6.94,986,381,65,maize,high
604,23.27,60.1,6.16,833,433,340,wheat,high
657,23.33,63.81,6.11,849,861,957,wheat,high
690,18.4,67.82,6.93,868,192,698,wheat,high
764,29.02,72.17,5.6,771,271,501,rice,high
749,22.13,55.05,6.24,927,185,573,wheat,high
684,19.05,50.28,6.51,718,825,501,wheat,high
809,26.81,77.76,5.91,639,108,73,rice,high
815,26.28,78.54,6.24,836,726,365,rice,high
779,29.98,75.6,5.84,740,75,8,rice,high
638,22.88,59.8,6.34,1006,899,562,wheat,high
651,17.05,63.99,7.11,945,795,374,wheat,high
856,34.72,84.42,6.35,661,421,793,rice,high
620,29.21,55.58,6.31,815,687,120,maize,high
762,28.87,86.26,6.06,775,981,336,rice,high
722,24.95,66.87,7.43,1022,974,65,wheat,high
674,24.13,66.02,6.41,905,425,978,wheat,high
917,25.22,80.52,5.98,801,961,683,rice,high
650,23.76,65.65,6.61,729,774,220,maize,high
552,25.32,69.09,6.41,876,521,974,maize,high
716,24.22,68.04,6.56,995,1017,450,wheat,high
565,22.7,67.41,6.28,933,727,981,maize,high
669,20.48,64.12,6.06,793,466,850,maize,high
697,26.98,53.2,6.27,721,227,375,maize,high
879,34.48,80.64,5.57,649,606,790,rice,high
740,15.24,66.4,6.47,713,2,985,wheat,high
924,28.83,89.38,6.34,613,194,396,rice,high
674,28.47,61.04,6.31,740,451,675,maize,high
650,20.32,65.61,7.21,816,51,375,wheat,high
888,34.12,89.35,6.0,931,1008,237,rice,high
609,20.0,54.36,6.21,930,639,615,wheat,high
935,29.81,75.09,6.0,635,326,355,rice,high
624,22.18,59.25,7.16,750,1007,772,wheat,high
949,26.38,86.6,6.47,912,537,773,rice,high
643,21.26,64.96,5.97,936,447,957,maize,high
883,29.29,80.69,6.23,928,254,386,rice,high
625,27.68,59.15,6.31,923,216,244,maize,high
829,31.59,83.74,5.85,982,716,872,rice,high
698,28.41,56.83,6.58,822,555,450,maize,high
695,29.85,51.59,6.1,717,271,8,maize,high
930,34.25,89.45,5.65,640,398,833,rice,high
824,27.15,85.46,6.13,1003,934,354,rice,high
671,22.66,53.51,6.51,820,146,326,wheat,high
908,30.14,71.66,5.76,978,867,208,rice,high
736,21.96,60.85,7.41,805,419,372,wheat,high
776,25.33,72.5,5.5,939,300,479,rice,high
665,15.38,64.24,6.73,1016,0,1019,wheat,high
504,24.15,65.7,6.92,922,151,643,maize,high
863,31.76,86.0,6.06,734,233,140,rice,high
695,20.16,63.23,6.11,910,583,735,maize,high
776,27.93,85.53,6.38,752,578,89,rice,high
603,17.75,64.43,6.97,946,271,1006,wheat,high
896,34.8,81.92,6.38,615,960,751,rice,high
729,19.09,53.25,7.34,806,277,884,wheat,high
699,15.15,54.9,7.34,786,319,31,wheat,high
829,33.59,76.59,6.49,662,75,315,rice,high
564,28.15,62.46,5.9,885,1009,731,maize,high
820,34.04,84.98,6.03,645,46,590,rice,high
665,28.69,56.72,6.38,819,965,996,maize,high
700,18.66,63.31,6.84,803,488,36,wheat,high
891,28.35,76.47,5.53,706,859,953,rice,high
767,32.12,74.27,6.08,814,280,731,rice,high
685,27.79,61.49,6.68,804,33,101,maize,high
876,34.64,84.57,5.72,740,473,30,rice,high
715,16.8,54.31,6.83,974,410,283,wheat,high
829,32.94,81.89,6.47,881,539,360,rice,high
676,22.43,59.47,6.62,776,244,121,wheat,high
631,18.91,50.0,7.27,844,829,595,wheat,high
555,20.18,65.08,5.95,858,248,697,maize,high
577,21.23,50.59,6.05,1004,671,204,maize,high
712,21.05,60.64,6.92,927,527,667,wheat,high
597,30.0,67.87,6.8,808,160,160,maize,high
602,22.27,56.07,5.8,918,29,472,maize,high
644,15.83,63.54,7.24,988,951,279,wheat,high
865,25.79,79.12,5.59,667,693,33,rice,high
777,29.7,88.63,6.07,778,46,793,rice,high
583,27.97,56.37,6.33,902,444,918,maize,high
664,27.92,65.73,6.97,834,841,65,maize,high
623,19.92,64.31,6.85,1017,941,836,wheat,high
713,15.67,69.14,7.46,931,616,676,wheat,high
747,19.7,57.85,6.58,719,963,791,wheat,high
683,21.65,69.06,6.66,876,674,415,wheat,high
924,27.93,86.5,5.53,720,418,349,rice,high
744,19.71,52.49,7.23,714,919,952,wheat,high
649,19.35,63.74,6.38,736,881,36,wheat,high
513,27.51,56.34,6.92,802,848,82,maize,high
643,15.54,64.07,7.14,1002,954,929,wheat,high
510,26.25,61.2,6.3,945,20,109,maize,high
693,21.04,68.73,7.12,990,762,510,wheat,high
743,24.12,63.08,7.34,941,922,831,wheat,high
501,28.95,56.9,6.59,807,580,608,maize,high
779,33.67,89.87,6.02,920,578,685,rice,high
839,31.23,73.22,5.97,980,418,38,rice,high
550,29.85,59.2,6.77,833,822,740,maize,high
519,25.25,58.95,6.37,940,309,929,maize,high
894,30.37,73.31,6.23,905,71,218,rice,high
672,26.54,65.04,6.62,766,994,814,maize,high
646,29.9,51.73,6.03,832,853,754,maize,high
682,25.23,61.57,6.56,925,257,233,maize,high
579,25.57,59.94,6.59,842,693,717,maize,high
633,27.16,65.15,6.3,908,295,38,maize,high
929,28.48,89.59,5.99,779,96,190,rice,high
573,22.65,55.38,6.16,910,115,534,maize,high
847,29.89,75.01,5.91,747,341,494,rice,high
622,20.12,53.35,6.48,781,940,658,wheat,high
836,25.24,75.8,6.13,840,17,767,rice,high
620,22.54,54.99,6.03,995,981,823,wheat,high
856,25.73,80.37,6.32,655,229,488,rice,high
777,29.35,73.04,5.7,974,867,40,rice,high
503,26.25,63.57,6.79,859,855,518,maize,high
826,29.69,78.55,6.42,948,787,589,rice,high
909,32.84,87.3,6.02,795,276,529,rice,high
538,22.4,51.06,6.14,772,27,468,maize,high
743,17.29,68.03,6.35,949,610,819,wheat,high
889,29.12,71.64,6.02,776,51,78,rice,high
628,24.45,59.24,6.85,956,754,968,maize,high
693,16.84,65.25,6.1,775,103,805,wheat,high
917,29.46,81.23,5.91,872,134,373,rice,high
788,29.95,87.62,6.35,694,984,360,rice,high
762,31.3,71.35,5.8,607,1011,815,rice,high
684,24.29,65.25,7.08,975,534,626,wheat,high
649,20.21,56.11,6.26,812,452,755,wheat,high
918,32.23,84.84,6.14,852,980,435,rice,high
900,33.51,88.05,6.18,821,76,61,rice,high
637,20.02,64.11,6.25,779,534,105,wheat,high
630,22.38,67.36,6.85,985,1,232,maize,high
712,22.9,55.24,6.29,880,724,292,wheat,high
571,28.61,65.99,6.37,1001,427,82,maize,high
645,24.19,57.3,5.82,806,924,990,maize,high
543,23.36,60.2,6.67,965,467,201,maize,high
914,25.99,88.7,6.34,684,992,791,rice,high
793,29.03,71.22,6.44,911,413,277,rice,high
580,26.82,63.38,6.62,1021,650,325,maize,high
647,20.42,57.96,6.37,950,395,445,maize,high
593,23.84,69.59,6.32,833,872,666,maize,high
627,19.8,66.6,6.94,701,501,347,wheat,high
807,28.75,86.75,6.43,676,928,216,rice,high
571,24.28,62.38,5.92,1010,598,266,maize,high
658,20.07,63.54,6.18,753,610,246,maize,high
635,20.44,55.02,6.23,971,735,650,wheat,high
773,27.79,72.48,5.87,916,589,296,rice,high
581,20.47,62.91,5.81,782,8,496,maize,high
797,25.54,81.11,6.21,825,967,107,rice,high
532,21.91,55.06,6.46,778,335,944,maize,high
701,17.0,58.28,6.36,944,660,145,wheat,high
659,20.8,63.88,6.13,811,619,878,wheat,high
774,27.5,77.66,5.92,757,285,933,rice,high
657,20.66,64.1,6.21,1020,496,609,wheat,high
765,29.88,80.9,6.43,665,879,67,rice,high
692,26.89,66.42,5.93,725,642,836,maize,high
701,21.53,53.13,7.15,963,477,925,wheat,high
619,20.58,57.66,6.73,778,37,393,maize,high
684,23.46,66.16,6.21,792,766,608,maize,high
605,20.03,69.95,6.7,747,98,525,wheat,high
731,23.14,65.77,7.17,710,879,213,wheat,high
620,15.19,52.85,7.24,913,699,683,wheat,high
504,24.97,59.41,6.77,926,585,818,maize,high
918,29.0,82.9,5.92,824,549,43,rice,high
934,26.59,89.49,5.7,950,721,22,rice,high
623,25.91,53.08,6.53,875,998,531,maize,high
608,20.72,53.87,6.15,745,897,539,maize,high
653,21.57,60.73,6.57,738,930,227,maize,high
693,17.05,56.92,6.44,887,42,870,wheat,high
863,28.76,87.9,5.8,935,152,973,rice,high
760,34.9,84.94,6.16,1022,537,938,rice,high
785,28.44,85.43,6.19,695,261,353,rice,high
805,27.67,78.49,6.22,719,429,936,rice,high
774,25.01,76.4,6.1,1022,344,265,rice,high
823,29.59,78.04,5.75,736,190,972,rice,high
664,25.25,68.23,6.97,754,258,438,maize,high
610,21.79,51.04,5.92,750,509,174,maize,high
645,23.06,64.28,6.2,781,373,155,wheat,high
518,24.87,55.03,6.23,707,668,1014,maize,high
670,20.82,52.07,6.53,870,203,553,maize,high
762,28.22,71.17,5.75,811,655,356,rice,high
602,21.12,60.57,6.25,873,149,487,wheat,high
772,25.35,71.5,5.54,656,488,406,rice,high
710,22.96,59.06,6.65,755,884,719,wheat,high
562,22.74,61.12,5.95,763,428,72,maize,high
578,26.47,62.41,6.39,936,709,923,maize,high
922,32.06,83.9,6.03,637,195,202,rice,high
834,29.13,82.07,6.26,611,602,1012,rice,high
779,25.31,85.42,6.25,742,913,179,rice,high
528,25.97,56.61,6.31,846,440,886,maize,high
664,28.2,51.33,6.79,813,467,712,maize,high
628,23.21,62.46,6.59,946,338,492,maize,high
654,19.35,61.51,6.6,919,474,422,wheat,high
849,30.1,87.31,5.6,947,222,863,rice,high
747,15.09,68.82,6.29,741,904,1011,wheat,high
636,25.44,56.2,6.27,732,449,473,maize,high
641,24.6,54.5,6.03,1012,813,554,maize,high
719,21.53,55.74,7.28,731,160,427,wheat,high
820,33.94,83.88,5.51,892,937,811,rice,high
866,33.96,73.65,6.3,861,579,178,rice,high
600,24.09,67.19,6.1,914,731,285,maize,high
599,20.91,53.87,6.37,893,332,561,maize,high
531,22.08,67.42,6.58,747,269,943,maize,high
804,30.37,73.66,6.25,700,36,618,rice,high
691,20.11,67.49,7.39,1020,529,344,wheat,high
662,23.58,62.3,6.15,908,723,270,maize,high
506,26.54,60.5,6.81,764,523,721,maize,high
655,20.55,54.4,7.11,897,257,895,wheat,high
841,31.94,84.63,6.43,1019,46,42,rice,high
564,24.2,55.13,6.38,728,853,849,maize,high
771,33.91,89.86,6.35,924,1018,929,rice,high
666,28.27,61.38,6.81,811,691,699,maize,high
801,30.41,84.88,5.77,945,377,521,rice,high
616,23.82,61.78,6.67,771,687,201,wheat,high
617,27.05,68.18,5.92,727,983,860,maize,high
580,21.82,65.44,5.82,784,299,934,maize,high
539,22.85,69.09,6.37,941,464,879,maize,high
585,23.88,66.93,6.07,916,255,827,maize,high
559,20.68,53.86,6.95,803,244,756,maize,high
655,24.68,64.55,6.72,917,515,473,wheat,high
535,24.43,69.64,6.0,748,61,68,maize,high
646,26.26,63.24,6.45,930,369,177,maize,high
838,34.73,76.42,5.54,827,899,750,rice,high
531,29.5,51.9,6.19,976,73,9,maize,high
872,33.51,84.9,5.67,792,638,288,rice,high
670,18.64,65.13,7.28,999,369,856,wheat,high
934,27.1,80.24,6.28,616,676,12,rice,high
939,31.11,85.29,5.54,911,732,103,rice,high
682,15.18,53.49,7.25,849,760,767,wheat,high
641,21.06,63.03,6.84,986,793,436,wheat,high
874,32.51,84.49,5.84,959,212,948,rice,high
854,32.05,86.11,5.73,680,704,548,rice,high
720,24.48,69.99,6.34,940,373,900,wheat,high
636,15.02,55.4,7.33,971,142,188,wheat,high
615,16.64,59.88,6.66,764,412,642,wheat,high
608,22.07,51.7,7.08,874,72,83,wheat,high
658,22.16,65.73,6.52,761,575,836,wheat,high
917,26.31,77.48,5.67,917,181,614,rice,high
659,22.64,57.02,6.15,770,159,239,wheat,high
510,29.42,51.77,6.98,712,242,619,maize,high
579,27.76,62.89,6.52,981,802,674,maize,high
521,22.55,62.71,6.94,923,748,116,maize,high
699,27.22,52.69,6.6,1007,963,531,maize,high
721,23.17,60.14,6.98,869,58,300,wheat,high
540,21.06,53.99,6.96,703,804,884,maize,high
923,32.97,81.77,5.54,733,724,526,rice,high
679,20.38,65.98,6.28,941,626,708,maize,high
747,16.32,63.5,7.02,1003,781,286,wheat,high
549,24.93,52.09,6.83,961,703,924,maize,high
754,32.09,86.47,5.63,877,673,311,rice,high
616,16.16,58.65,7.01,910,498,401,wheat,high
